EMBOSS_001_1	NP_227892.1	100.000	99	779	778	778	1579	0.0
EMBOSS_001_1	AGL48999.1	100.000	99	779	778	778	1579	0.0
EMBOSS_001_1	AKE29757.1	100.000	99	779	778	778	1579	0.0
EMBOSS_001_1	AAD35170.1	100.000	99	779	778	778	1579	0.0
EMBOSS_001_1	AKE27884.1	100.000	99	779	778	778	1579	0.0
EMBOSS_001_1	AKE26022.1	100.000	99	779	778	778	1579	0.0
EMBOSS_001_1	AHD18154.1	100.000	99	779	778	778	1579	0.0
EMBOSS_001_1	ABQ46867.1	98.715	99	779	778	778	1568	0.0
EMBOSS_001_1	ADA66801.1	98.586	99	779	778	778	1566	0.0
EMBOSS_001_1	AIY86428.1	98.843	99	779	778	778	1566	0.0
EMBOSS_001_1	AIY88184.1	98.586	99	779	778	778	1564	0.0
EMBOSS_001_1	ACB09223.1	98.715	99	779	778	778	1563	0.0
EMBOSS_001_1	ACM22792.1	93.573	99	779	778	778	1505	0.0
EMBOSS_001_1	AAB70867.1	93.573	99	779	778	778	1505	0.0
EMBOSS_001_1	AJG40733.1	93.573	99	779	778	778	1504	0.0
EMBOSS_001_1	CAB56857.1	93.411	99	779	821	774	1497	0.0
EMBOSS_001_1	AIY86058.1	81.510	99	779	768	768	1286	0.0
EMBOSS_001_1	ACB08858.1	79.870	99	779	772	770	1256	0.0
EMBOSS_001_1	ABV32923.1	68.482	99	779	779	771	1158	0.0
EMBOSS_001_1	AEH50242.1	71.151	99	779	774	773	1140	0.0
EMBOSS_001_1	AFY97406.1	68.217	99	779	775	774	1130	0.0
EMBOSS_001_1	AJC74133.1	66.581	99	779	771	775	1098	0.0
EMBOSS_001_1	QAV33817.1	65.762	99	779	773	774	1049	0.0
EMBOSS_001_1	AFM44649.1	59.056	99	779	789	784	953	0.0
EMBOSS_001_1	ABX30974.1	59.033	99	779	777	786	940	0.0
EMBOSS_001_1	CEP78618.1	58.913	99	779	775	791	932	0.0
EMBOSS_001_1	ADD01525.1	57.506	99	779	787	786	926	0.0
EMBOSS_001_1	ADH60039.1	57.506	99	779	787	786	922	0.0
EMBOSS_001_1	ABY95679.1	57.687	99	779	784	787	906	0.0
EMBOSS_001_1	ADV80606.1	57.687	99	779	784	787	906	0.0
EMBOSS_001_1	AAF43783.1	57.433	99	779	784	787	899	0.0
EMBOSS_001_1	BBJ27298.1	55.311	98	779	769	772	862	0.0
EMBOSS_001_1	QPC84576.1	54.359	99	779	782	780	852	0.0
EMBOSS_001_1	CAA91219.1	57.551	92	779	730	735	846	0.0
EMBOSS_001_1	ADQ41835.1	55.013	98	779	770	778	845	0.0
EMBOSS_001_1	QRF22425.1	54.777	99	779	777	785	840	0.0
EMBOSS_001_1	ABU57016.1	53.974	99	779	790	780	839	0.0
EMBOSS_001_1	AZT91302.1	54.242	98	779	770	778	839	0.0
EMBOSS_001_1	AEM72760.1	54.499	98	779	770	778	836	0.0
EMBOSS_001_1	ADQ45097.1	54.161	98	779	770	781	836	0.0
EMBOSS_001_1	BAL98338.1	52.046	99	779	790	782	832	0.0
EMBOSS_001_1	ABP66212.1	54.370	98	779	770	778	830	0.0
EMBOSS_001_1	ACK42133.1	54.876	98	779	762	769	827	0.0
EMBOSS_001_1	ADL43374.1	52.903	98	779	771	775	826	0.0
EMBOSS_001_1	ADQ05594.1	52.903	98	779	771	775	826	0.0
EMBOSS_001_1	ACM61424.1	52.645	98	779	771	775	823	0.0
EMBOSS_001_1	ACI19441.1	54.086	98	779	762	771	823	0.0
EMBOSS_001_1	BCS80210.1	52.645	98	779	771	775	822	0.0
EMBOSS_001_1	ADQ05929.1	52.516	98	779	771	775	822	0.0
EMBOSS_001_1	ACV59634.1	54.592	98	779	782	773	800	0.0
EMBOSS_001_1	AEJ44817.1	54.065	98	779	779	775	794	0.0
EMBOSS_001_1	QBI20615.1	52.760	98	779	795	779	783	0.0
EMBOSS_001_1	QXJ27597.1	50.832	98	779	755	781	782	0.0
EMBOSS_001_1	QXJ33940.1	50.832	98	779	755	781	782	0.0
EMBOSS_001_1	QXJ30905.1	50.704	98	779	755	781	781	0.0
EMBOSS_001_1	SBV25164.1	52.102	99	779	796	785	776	0.0
EMBOSS_001_1	AEE97239.1	52.903	98	779	753	775	773	0.0
EMBOSS_001_1	ADM27757.1	51.613	98	779	757	775	769	0.0
EMBOSS_001_1	AEJ40101.1	50.321	98	779	776	779	766	0.0
EMBOSS_001_1	AEW05608.1	50.321	98	779	776	779	766	0.0
EMBOSS_001_1	QPM68702.1	51.495	98	779	757	769	762	0.0
EMBOSS_001_1	ADX86262.1	49.552	97	779	754	781	741	0.0
EMBOSS_001_1	AGJ63611.1	49.296	97	779	754	781	737	0.0
EMBOSS_001_1	ADX83603.1	49.168	97	779	754	781	736	0.0
EMBOSS_001_1	ACZ42005.1	46.438	98	779	795	786	708	0.0
EMBOSS_001_1	BBH86338.1	47.104	98	779	783	777	706	0.0
EMBOSS_001_1	CCQ33558.1	46.087	99	779	787	805	690	0.0
EMBOSS_001_1	ACV11781.1	46.310	97	779	760	786	679	0.0
EMBOSS_001_1	QPV65160.1	45.281	97	779	760	784	673	0.0
EMBOSS_001_1	ANY18631.1	45.638	98	779	810	791	670	0.0
EMBOSS_001_1	QLH85055.1	45.026	97	779	760	784	669	0.0
EMBOSS_001_1	QHJ12926.1	46.811	99	779	805	784	668	0.0
EMBOSS_001_1	QLH80040.1	45.026	97	779	760	784	667	0.0
EMBOSS_001_1	AEE24650.1	46.939	99	779	803	784	667	0.0
EMBOSS_001_1	QLG29546.1	46.433	97	779	748	771	666	0.0
EMBOSS_001_1	QLK26336.1	46.497	98	779	776	785	664	0.0
EMBOSS_001_1	ABG42232.1	46.811	99	779	805	784	664	0.0
EMBOSS_001_1	CQH63296.1	46.134	99	779	776	789	660	0.0
EMBOSS_001_1	AOL16510.1	44.954	97	779	728	763	659	0.0
EMBOSS_001_1	ARD46722.1	45.823	98	779	818	790	655	0.0
EMBOSS_001_1	QEY19150.1	46.784	99	779	819	793	654	0.0
EMBOSS_001_1	QLC35222.1	44.814	97	779	752	781	652	0.0
EMBOSS_001_1	ARU28963.1	46.985	99	779	823	796	652	0.0
EMBOSS_001_1	CCQ32864.1	43.516	99	779	783	802	650	0.0
EMBOSS_001_1	QZD55487.1	44.430	99	779	769	790	647	0.0
EMBOSS_001_1	QIA64856.1	43.625	97	779	785	800	647	0.0
EMBOSS_001_1	AMM86796.1	43.711	98	779	796	803	646	0.0
EMBOSS_001_1	QQM29113.1	43.602	98	779	796	805	646	0.0
EMBOSS_001_1	AEH38978.1	46.018	99	779	775	791	644	0.0
EMBOSS_001_1	AHG02057.1	45.038	98	779	776	786	642	0.0
EMBOSS_001_1	AEH38385.1	44.430	99	779	774	790	640	0.0
EMBOSS_001_1	AVF34926.1	42.540	98	779	792	811	640	0.0
EMBOSS_001_1	AFN75306.1	44.801	96	779	769	779	639	0.0
EMBOSS_001_1	BCJ70971.1	43.020	99	779	786	788	637	0.0
EMBOSS_001_1	QBN19183.1	45.103	96	779	785	776	636	0.0
EMBOSS_001_1	AGB38896.1	45.573	96	779	771	768	635	0.0
EMBOSS_001_1	QZZ26320.1	45.455	99	779	768	792	634	0.0
EMBOSS_001_1	ACV10343.1	44.673	97	779	755	779	634	0.0
EMBOSS_001_1	AOS63909.1	43.621	99	779	832	823	634	0.0
EMBOSS_001_1	QIX98165.1	42.447	99	779	790	801	633	0.0
EMBOSS_001_1	QTU51605.1	44.388	99	779	771	793	633	0.0
EMBOSS_001_1	CBG75923.1	44.388	99	779	771	793	632	0.0
EMBOSS_001_1	CCO21564.1	42.556	98	779	792	806	632	0.0
EMBOSS_001_1	AEX51668.1	42.060	98	779	792	806	631	0.0
EMBOSS_001_1	AKE96339.1	42.697	99	779	789	801	630	0.0
EMBOSS_001_1	AXW95887.1	42.697	99	779	789	801	630	0.0
EMBOSS_001_1	AXW97829.2	42.697	99	779	789	801	630	0.0
EMBOSS_001_1	QXD14813.1	43.939	96	779	784	792	630	0.0
EMBOSS_001_1	ADK80343.1	43.893	96	779	784	786	629	0.0
EMBOSS_001_1	QQW41138.1	41.220	99	779	791	820	629	0.0
EMBOSS_001_1	QBJ11379.1	42.112	98	779	792	805	629	0.0
EMBOSS_001_1	QAV61089.1	41.220	99	779	791	820	629	0.0
EMBOSS_001_1	QTU43518.1	44.262	99	779	771	793	629	0.0
EMBOSS_001_1	QWR89348.1	42.572	99	779	789	801	629	0.0
EMBOSS_001_1	QGG06798.1	42.572	99	779	789	801	629	0.0
EMBOSS_001_1	QWR84666.1	42.572	99	779	789	801	629	0.0
EMBOSS_001_1	AXX01883.1	42.572	99	779	789	801	629	0.0
EMBOSS_001_1	QLJ51690.1	42.572	99	779	789	801	629	0.0
EMBOSS_001_1	QTU59650.1	44.262	99	779	771	793	629	0.0
EMBOSS_001_1	ABU77349.1	42.572	99	779	789	801	629	0.0
EMBOSS_001_1	AEV28096.1	44.962	98	779	784	794	628	0.0
EMBOSS_001_1	QXL95202.1	42.572	99	779	788	801	628	0.0
EMBOSS_001_1	QLU71682.1	41.341	99	779	791	820	628	0.0
EMBOSS_001_1	ADW73338.1	41.988	98	779	792	805	628	0.0
EMBOSS_001_1	ALS99887.1	43.424	99	779	807	806	627	0.0
EMBOSS_001_1	QJP76550.1	41.220	99	779	791	820	627	0.0
EMBOSS_001_1	QSH13476.1	41.220	99	779	791	820	627	0.0
EMBOSS_001_1	QSH31928.1	41.220	99	779	791	820	627	0.0
EMBOSS_001_1	QSH27313.1	41.220	99	779	791	820	627	0.0
EMBOSS_001_1	QSG95131.1	41.220	99	779	791	820	627	0.0
EMBOSS_001_1	QSH18092.1	41.220	99	779	791	820	627	0.0
EMBOSS_001_1	AVU19746.1	41.220	99	779	791	820	627	0.0
EMBOSS_001_1	QSH08863.1	41.220	99	779	791	820	627	0.0
EMBOSS_001_1	QMV98869.1	41.220	99	779	791	820	627	0.0
EMBOSS_001_1	QSH04358.1	41.220	99	779	791	820	627	0.0
EMBOSS_001_1	BBM25226.1	41.220	99	779	791	820	627	0.0
EMBOSS_001_1	QSG99754.1	41.220	99	779	791	820	627	0.0
EMBOSS_001_1	QSH22696.1	41.220	99	779	791	820	627	0.0
EMBOSS_001_1	QHC77223.1	41.220	99	779	791	820	627	0.0
EMBOSS_001_1	AFE57916.1	42.112	98	779	792	805	627	0.0
EMBOSS_001_1	AIX58883.1	41.220	99	779	791	820	627	0.0
EMBOSS_001_1	AIN27776.1	41.220	99	779	791	820	627	0.0
EMBOSS_001_1	AZP46178.1	42.112	98	779	792	805	627	0.0
EMBOSS_001_1	AFJ99828.1	42.572	99	779	789	801	627	0.0
EMBOSS_001_1	AYA06597.1	42.112	98	779	792	805	627	0.0
EMBOSS_001_1	AZP50654.1	42.112	98	779	792	805	627	0.0
EMBOSS_001_1	AIN22433.1	41.220	99	779	791	820	627	0.0
EMBOSS_001_1	QWR81733.1	42.572	99	779	789	801	627	0.0
EMBOSS_001_1	AVJ79545.1	41.220	99	779	789	820	627	0.0
EMBOSS_001_1	AZP41837.1	42.112	98	779	792	805	627	0.0
EMBOSS_001_1	ALB50458.1	42.715	99	779	789	803	626	0.0
EMBOSS_001_1	QLO97958.1	41.220	99	779	791	820	626	0.0
EMBOSS_001_1	AGE86582.1	42.715	99	779	789	803	626	0.0
EMBOSS_001_1	QLA03748.1	41.220	99	779	791	820	626	0.0
EMBOSS_001_1	AVZ14038.1	41.220	99	779	791	820	625	0.0
EMBOSS_001_1	AZP33911.1	42.447	99	779	789	801	625	0.0
EMBOSS_001_1	QFH85166.1	41.220	99	779	791	820	625	0.0
EMBOSS_001_1	QGU37052.1	41.270	99	779	791	819	625	0.0
EMBOSS_001_1	QQN35594.1	41.636	98	779	792	807	625	0.0
EMBOSS_001_1	QLP22385.1	41.573	98	779	791	801	625	0.0
EMBOSS_001_1	AOP99672.1	41.098	99	779	791	820	625	0.0
EMBOSS_001_1	QLN68092.1	41.573	98	779	791	801	625	0.0
EMBOSS_001_1	ADY13981.1	44.558	96	779	785	781	625	0.0
EMBOSS_001_1	QNP68057.1	45.174	98	779	768	777	624	0.0
EMBOSS_001_1	VEB14680.1	41.098	99	779	791	820	624	0.0
EMBOSS_001_1	QWR93041.1	42.572	99	779	788	801	624	0.0
EMBOSS_001_1	ASA57687.1	42.786	98	779	785	804	624	0.0
EMBOSS_001_1	AGU10289.1	45.136	97	779	786	771	624	0.0
EMBOSS_001_1	QCD10470.1	41.542	98	779	791	804	623	0.0
EMBOSS_001_1	QCC97597.1	41.542	98	779	791	804	623	0.0
EMBOSS_001_1	QCC92597.1	41.542	98	779	791	804	623	0.0
EMBOSS_001_1	ABK53822.1	42.189	99	779	817	813	623	0.0
EMBOSS_001_1	QMI62933.1	40.976	99	779	791	820	623	0.0
EMBOSS_001_1	ACV11050.1	43.532	99	779	783	804	623	0.0
EMBOSS_001_1	ACU97351.1	45.051	99	779	773	788	622	0.0
EMBOSS_001_1	QPO62700.1	40.465	99	779	791	818	622	0.0
EMBOSS_001_1	AJB70731.1	40.465	99	779	791	818	622	0.0
EMBOSS_001_1	QPO66569.1	40.465	99	779	791	818	622	0.0
EMBOSS_001_1	AMJ71043.1	40.859	99	779	791	815	622	0.0
EMBOSS_001_1	BCL42529.1	41.448	98	779	791	801	622	0.0
EMBOSS_001_1	QPP03626.1	40.465	99	779	791	818	622	0.0
EMBOSS_001_1	AHG92050.1	43.123	97	779	779	807	622	0.0
EMBOSS_001_1	QPO57491.1	40.465	99	779	791	818	622	0.0
EMBOSS_001_1	UAS96308.1	40.465	99	779	791	818	622	0.0
EMBOSS_001_1	ATM94524.1	42.929	99	779	789	799	622	0.0
EMBOSS_001_1	BCT13885.1	41.448	98	779	791	801	622	0.0
EMBOSS_001_1	ALB54700.1	42.875	99	779	789	800	622	0.0
EMBOSS_001_1	ASQ17707.1	41.667	98	779	791	804	622	0.0
EMBOSS_001_1	CBA30338.1	42.804	99	779	789	799	622	0.0
EMBOSS_001_1	QJT80454.1	41.758	99	779	790	819	622	0.0
EMBOSS_001_1	ALB70919.1	42.481	99	779	789	798	622	0.0
EMBOSS_001_1	QNQ26782.1	41.323	98	779	791	801	621	0.0
EMBOSS_001_1	ALX78903.1	42.607	99	779	789	798	621	0.0
EMBOSS_001_1	ANI83272.1	41.565	99	779	790	818	620	0.0
EMBOSS_001_1	ADF61933.1	41.542	98	779	791	804	620	0.0
EMBOSS_001_1	QGN42540.1	41.542	98	779	791	804	620	0.0
EMBOSS_001_1	ASJ20518.1	42.913	96	779	787	769	620	0.0
EMBOSS_001_1	QLA65201.1	41.542	98	779	791	804	620	0.0
EMBOSS_001_1	AYU94758.1	40.965	98	779	791	808	620	0.0
EMBOSS_001_1	ALG27727.1	42.875	98	779	776	793	620	0.0
EMBOSS_001_1	CAG18892.1	41.366	98	779	786	805	620	0.0
EMBOSS_001_1	QBX86588.1	41.448	98	779	791	801	620	0.0
EMBOSS_001_1	AOP95279.1	41.323	98	779	791	801	620	0.0
EMBOSS_001_1	QYD72595.1	43.462	97	779	801	803	619	0.0
EMBOSS_001_1	QNR11150.1	41.199	98	779	791	801	619	0.0
EMBOSS_001_1	ABR71674.1	41.594	98	779	788	803	619	0.0
EMBOSS_001_1	ALB66553.1	41.738	99	779	789	817	619	0.0
EMBOSS_001_1	AWQ57436.1	40.465	99	779	791	818	619	0.0
EMBOSS_001_1	AWQ43222.1	40.465	99	779	791	818	619	0.0
EMBOSS_001_1	ANG92568.1	42.065	98	779	791	794	618	0.0
EMBOSS_001_1	AVE74765.1	40.465	99	779	791	818	618	0.0
EMBOSS_001_1	QLG83871.1	40.613	99	779	791	815	618	0.0
EMBOSS_001_1	QSB70473.1	40.342	99	779	791	818	618	0.0
EMBOSS_001_1	QFI22074.1	40.342	99	779	791	818	618	0.0
EMBOSS_001_1	AWV76495.1	40.342	99	779	791	818	618	0.0
EMBOSS_001_1	SNY94339.1	41.484	99	779	790	822	618	0.0
EMBOSS_001_1	BBW35609.1	40.342	99	779	791	818	618	0.0
EMBOSS_001_1	SKC22342.1	41.565	99	779	790	818	618	0.0
EMBOSS_001_1	UAN23952.1	40.949	98	779	791	801	618	0.0
EMBOSS_001_1	AYY04561.1	40.949	98	779	791	801	618	0.0
EMBOSS_001_1	AIV29445.1	41.045	98	779	791	804	617	0.0
EMBOSS_001_1	AVU50383.1	40.659	99	779	791	819	617	0.0
EMBOSS_001_1	AOE95261.1	41.045	98	779	791	804	617	0.0
EMBOSS_001_1	AVH16197.1	40.491	99	779	791	815	617	0.0
EMBOSS_001_1	AVL18451.1	41.045	98	779	791	804	617	0.0
EMBOSS_001_1	QDE49899.1	41.096	98	779	791	803	617	0.0
EMBOSS_001_1	BBV86556.1	40.831	99	779	791	818	617	0.0
EMBOSS_001_1	QCV79726.1	41.096	98	779	791	803	617	0.0
EMBOSS_001_1	AOT42777.1	40.699	98	779	791	801	617	0.0
EMBOSS_001_1	ARD61124.1	41.707	99	779	790	820	617	0.0
EMBOSS_001_1	AKM87296.1	40.699	98	779	791	801	617	0.0
EMBOSS_001_1	AHE70812.1	40.699	98	779	791	801	617	0.0
EMBOSS_001_1	ALB62546.1	42.658	98	779	789	790	617	0.0
EMBOSS_001_1	QMV79015.1	40.842	98	779	791	808	617	0.0
EMBOSS_001_1	QAZ62495.1	41.323	98	779	791	801	617	0.0
EMBOSS_001_1	BBI95211.1	40.736	99	779	791	815	617	0.0
EMBOSS_001_1	QFQ85548.1	41.199	98	779	791	801	617	0.0
EMBOSS_001_1	AVF19154.1	40.342	99	779	791	818	617	0.0
EMBOSS_001_1	APG17794.1	41.443	99	779	790	818	617	0.0
EMBOSS_001_1	AOP82198.1	40.342	99	779	791	818	617	0.0
EMBOSS_001_1	QIN37906.1	40.699	98	779	791	801	617	0.0
EMBOSS_001_1	QLC82491.1	41.074	98	779	791	801	617	0.0
EMBOSS_001_1	QFH54697.1	40.718	98	779	791	808	616	0.0
EMBOSS_001_1	AVO83481.1	40.718	98	779	791	808	616	0.0
EMBOSS_001_1	AJB81538.1	40.718	98	779	791	808	616	0.0
EMBOSS_001_1	QQA68934.1	40.718	98	779	791	808	616	0.0
EMBOSS_001_1	AQP46553.1	44.431	99	779	766	799	616	0.0
EMBOSS_001_1	VEH41802.1	42.516	99	779	785	795	616	0.0
EMBOSS_001_1	APR38131.1	42.217	97	779	800	803	616	0.0
EMBOSS_001_1	QLW26022.1	40.699	98	779	791	801	616	0.0
EMBOSS_001_1	ABH78806.1	40.965	98	779	792	808	616	0.0
EMBOSS_001_1	ATW93508.1	40.718	98	779	791	808	616	0.0
EMBOSS_001_1	QUX96274.1	41.388	98	779	788	807	616	0.0
EMBOSS_001_1	QAV06899.1	43.127	98	779	785	793	616	0.0
EMBOSS_001_1	SBO95382.1	42.981	99	779	807	805	616	0.0
EMBOSS_001_1	AUY62563.1	42.516	99	779	785	795	616	0.0
EMBOSS_001_1	QOX70399.1	40.220	99	779	791	818	616	0.0
EMBOSS_001_1	BCZ61866.1	40.220	99	779	791	818	616	0.0
EMBOSS_001_1	QBC03053.1	40.299	98	779	798	804	616	0.0
EMBOSS_001_1	BCZ52239.1	40.220	99	779	791	818	616	0.0
EMBOSS_001_1	AJB62385.1	40.342	99	779	791	818	616	0.0
EMBOSS_001_1	QLA66753.1	40.943	98	779	791	806	616	0.0
EMBOSS_001_1	AZV05371.1	40.613	99	779	791	815	616	0.0
EMBOSS_001_1	UBU17615.1	42.981	99	779	807	805	616	0.0
EMBOSS_001_1	QPD72905.1	40.342	99	779	791	818	615	0.0
EMBOSS_001_1	AOP91087.1	41.038	98	779	791	809	615	0.0
EMBOSS_001_1	QOD36793.1	40.718	98	779	791	808	615	0.0
EMBOSS_001_1	AXQ32528.1	40.718	98	779	791	808	615	0.0
EMBOSS_001_1	ARZ77111.1	40.342	99	779	791	818	615	0.0
EMBOSS_001_1	QEQ44600.1	40.342	99	779	791	818	615	0.0
EMBOSS_001_1	QGR12497.1	40.718	98	779	791	808	615	0.0
EMBOSS_001_1	QEI71369.1	40.342	99	779	791	818	615	0.0
EMBOSS_001_1	QCY34246.1	42.516	99	779	785	795	615	0.0
EMBOSS_001_1	BCG09748.1	43.071	99	779	791	801	615	0.0
EMBOSS_001_1	QEM91941.1	41.565	99	779	790	818	615	0.0
EMBOSS_001_1	ARJ41345.1	42.394	99	779	792	802	615	0.0
EMBOSS_001_1	QSS36707.1	40.718	98	779	791	808	615	0.0
EMBOSS_001_1	QEI62118.1	40.342	99	779	791	818	615	0.0
EMBOSS_001_1	BBV91437.1	41.074	98	779	791	801	615	0.0
EMBOSS_001_1	QPD67993.1	40.718	98	779	791	808	615	0.0
EMBOSS_001_1	BBW30884.1	40.342	99	779	791	818	615	0.0
EMBOSS_001_1	AFM59596.1	41.294	98	779	791	804	615	0.0
EMBOSS_001_1	QFI60128.1	42.072	99	779	789	801	615	0.0
EMBOSS_001_1	QCE29579.1	40.449	98	779	791	801	615	0.0
EMBOSS_001_1	QDY67106.1	42.371	98	779	776	793	615	0.0
EMBOSS_001_1	AWC86769.1	40.574	98	779	791	801	615	0.0
EMBOSS_001_1	QCE24164.1	40.449	98	779	791	801	615	0.0
EMBOSS_001_1	AVP02101.1	40.574	98	779	791	801	615	0.0
EMBOSS_001_1	ARA25401.1	40.342	99	779	791	818	615	0.0
EMBOSS_001_1	QLO88793.1	40.699	98	779	791	801	615	0.0
EMBOSS_001_1	QBA40559.1	40.824	98	779	791	801	615	0.0
EMBOSS_001_1	AEW73278.1	40.574	98	779	791	801	615	0.0
EMBOSS_001_1	AQT89555.1	41.199	98	779	791	801	615	0.0
EMBOSS_001_1	AYA11473.1	41.074	98	779	791	801	615	0.0
EMBOSS_001_1	QPX97429.1	40.220	99	779	791	818	615	0.0
EMBOSS_001_1	QBN10082.1	40.613	99	779	791	815	615	0.0
EMBOSS_001_1	ASG38823.1	41.199	98	779	791	801	615	0.0
EMBOSS_001_1	AXO51086.1	40.220	99	779	791	818	614	0.0
EMBOSS_001_1	QQH02418.1	40.220	99	779	791	818	614	0.0
EMBOSS_001_1	QDQ76620.1	40.342	99	779	791	818	614	0.0
EMBOSS_001_1	QQH07491.1	40.220	99	779	791	818	614	0.0
EMBOSS_001_1	QCR92847.1	40.574	98	779	791	801	614	0.0
EMBOSS_001_1	QMI67831.1	40.342	99	779	791	818	614	0.0
EMBOSS_001_1	AWF32110.1	40.342	99	779	791	818	614	0.0
EMBOSS_001_1	QCU05719.1	40.574	98	779	791	801	614	0.0
EMBOSS_001_1	BBW26611.1	40.574	98	779	791	801	614	0.0
EMBOSS_001_1	QEL46001.1	40.342	99	779	791	818	614	0.0
EMBOSS_001_1	QMI68991.1	40.342	99	779	791	818	614	0.0
EMBOSS_001_1	AOP77755.1	40.342	99	779	791	818	614	0.0
EMBOSS_001_1	QFI00256.1	40.220	99	779	791	818	614	0.0
EMBOSS_001_1	QOV77298.1	40.824	98	779	791	801	614	0.0
EMBOSS_001_1	QFI34136.1	40.342	99	779	791	818	614	0.0
EMBOSS_001_1	ASP02589.1	40.342	99	779	791	818	614	0.0
EMBOSS_001_1	AKZ84026.1	40.220	99	779	791	818	614	0.0
EMBOSS_001_1	BBT90256.1	40.587	99	779	791	818	614	0.0
EMBOSS_001_1	QFH35677.1	40.220	99	779	791	818	614	0.0
EMBOSS_001_1	CCO21415.1	41.491	98	779	789	805	614	0.0
EMBOSS_001_1	AWX04558.1	41.162	98	779	791	809	613	0.0
EMBOSS_001_1	AXO40875.1	40.220	99	779	791	818	613	0.0
EMBOSS_001_1	QFH89958.1	40.465	99	779	791	818	613	0.0
EMBOSS_001_1	QIF25367.1	40.915	98	779	791	809	613	0.0
EMBOSS_001_1	BBS31810.1	40.465	99	779	791	818	613	0.0
EMBOSS_001_1	AZU68170.1	40.915	98	779	791	809	613	0.0
EMBOSS_001_1	QBH63664.1	40.915	98	779	791	809	613	0.0
EMBOSS_001_1	QRV24314.1	41.615	98	779	788	805	613	0.0
EMBOSS_001_1	ALA01923.1	40.915	98	779	791	809	613	0.0
EMBOSS_001_1	AWR69267.1	40.915	98	779	791	809	613	0.0
EMBOSS_001_1	QEL29669.1	40.915	98	779	791	809	613	0.0
EMBOSS_001_1	ASA02802.1	40.915	98	779	791	809	613	0.0
EMBOSS_001_1	APR41915.1	40.915	98	779	791	809	613	0.0
EMBOSS_001_1	AIX55192.1	40.465	99	779	791	818	613	0.0
EMBOSS_001_1	AXM00067.1	40.915	98	779	791	809	613	0.0
EMBOSS_001_1	QWC68748.1	41.940	98	779	791	794	613	0.0
EMBOSS_001_1	AIA25082.1	42.621	98	779	791	786	613	0.0
EMBOSS_001_1	QKZ99444.1	40.718	98	779	791	808	613	0.0
EMBOSS_001_1	ASB82307.1	40.915	98	779	791	809	613	0.0
EMBOSS_001_1	QIF29538.1	40.915	98	779	791	809	613	0.0
EMBOSS_001_1	QLO47274.1	40.699	98	779	791	801	613	0.0
EMBOSS_001_1	AMA03019.1	40.699	98	779	791	801	613	0.0
EMBOSS_001_1	ALL17359.1	40.574	98	779	791	801	613	0.0
EMBOSS_001_1	AKL00367.1	40.824	98	779	791	801	613	0.0
EMBOSS_001_1	UAN33472.1	40.613	99	779	791	815	613	0.0
EMBOSS_001_1	AXF65131.1	40.295	99	779	791	814	613	0.0
EMBOSS_001_1	AZI87875.1	41.719	99	779	790	803	613	0.0
EMBOSS_001_1	QHI58013.1	40.220	99	779	791	818	613	0.0
EMBOSS_001_1	CCO21524.1	41.940	98	779	791	794	613	0.0
EMBOSS_001_1	UAN34705.1	40.699	98	779	791	801	613	0.0
EMBOSS_001_1	ASB74812.1	40.488	99	779	783	820	613	0.0
EMBOSS_001_1	ANR77638.1	42.621	98	779	791	786	613	0.0
EMBOSS_001_1	AMO49219.1	41.104	99	779	792	815	612	0.0
EMBOSS_001_1	QIV87309.1	42.586	98	779	776	789	612	0.0
EMBOSS_001_1	AVG33905.1	40.824	98	779	791	801	612	0.0
EMBOSS_001_1	UAN42788.1	41.199	98	779	791	801	612	0.0
EMBOSS_001_1	AWS78440.1	40.220	99	779	791	818	612	0.0
EMBOSS_001_1	QEU16164.1	40.613	99	779	791	815	612	0.0
EMBOSS_001_1	QXM19331.1	41.337	99	779	791	808	612	0.0
EMBOSS_001_1	QYH16755.1	40.949	98	779	791	801	612	0.0
EMBOSS_001_1	BBZ87282.1	40.949	98	779	791	801	612	0.0
EMBOSS_001_1	QPO92278.1	40.594	98	779	791	808	612	0.0
EMBOSS_001_1	QFQ08906.1	40.098	99	779	791	818	612	0.0
EMBOSS_001_1	BBT44515.1	40.699	98	779	791	801	612	0.0
EMBOSS_001_1	BBW45587.1	40.949	98	779	791	801	612	0.0
EMBOSS_001_1	BCP69782.1	40.949	98	779	791	801	612	0.0
EMBOSS_001_1	AYC36363.1	44.248	99	779	769	791	612	0.0
EMBOSS_001_1	AKL51320.1	40.098	99	779	791	818	612	0.0
EMBOSS_001_1	QPO86474.1	40.098	99	779	791	818	612	0.0
EMBOSS_001_1	QPO47280.1	40.098	99	779	791	818	612	0.0
EMBOSS_001_1	QPO82064.1	40.098	99	779	791	818	612	0.0
EMBOSS_001_1	ANS18028.1	40.098	99	779	791	818	612	0.0
EMBOSS_001_1	QEL35854.1	40.824	98	779	791	801	612	0.0
EMBOSS_001_1	AIE63670.1	40.098	99	779	791	818	612	0.0
EMBOSS_001_1	AKK75565.1	40.098	99	779	791	818	612	0.0
EMBOSS_001_1	AEB45886.1	45.187	95	779	771	748	612	0.0
EMBOSS_001_1	AKK95951.1	40.098	99	779	791	818	612	0.0
EMBOSS_001_1	QIE64085.1	40.098	99	779	791	818	612	0.0
EMBOSS_001_1	AOL11498.1	40.949	98	779	791	801	612	0.0
EMBOSS_001_1	QPO52547.1	40.098	99	779	791	818	612	0.0
EMBOSS_001_1	AKK92906.1	40.098	99	779	791	818	612	0.0
EMBOSS_001_1	QPO76167.1	40.098	99	779	791	818	612	0.0
EMBOSS_001_1	VEI51111.1	42.264	99	779	785	795	611	0.0
EMBOSS_001_1	AXE88025.1	43.434	99	779	771	792	611	0.0
EMBOSS_001_1	BCT18631.1	40.824	98	779	791	801	611	0.0
EMBOSS_001_1	ATH78136.1	41.605	98	779	792	810	611	0.0
EMBOSS_001_1	ASD58909.1	40.699	98	779	791	801	611	0.0
EMBOSS_001_1	ASQ76598.1	40.122	99	779	790	820	611	0.0
EMBOSS_001_1	AFP69732.1	40.342	99	779	791	818	611	0.0
EMBOSS_001_1	QGW86886.1	41.074	98	779	791	801	611	0.0
EMBOSS_001_1	SMF91560.1	40.122	99	779	790	820	611	0.0
EMBOSS_001_1	QLV59245.1	40.574	98	779	791	801	611	0.0
EMBOSS_001_1	ASU56106.1	42.322	99	779	806	801	611	0.0
EMBOSS_001_1	QMV16760.1	42.662	98	779	785	804	611	0.0
EMBOSS_001_1	AUY24020.1	41.667	99	779	793	804	610	0.0
EMBOSS_001_1	QAY77857.1	41.904	97	779	812	809	610	0.0
EMBOSS_001_1	UAY67973.1	40.325	98	779	791	801	610	0.0
EMBOSS_001_1	AIX75030.1	41.667	99	779	793	804	610	0.0
EMBOSS_001_1	QNU44002.1	41.667	99	779	793	804	610	0.0
EMBOSS_001_1	QYD28692.1	40.699	98	779	791	801	610	0.0
EMBOSS_001_1	QBY27957.1	41.615	98	779	791	805	610	0.0
EMBOSS_001_1	AHW94632.1	40.699	98	779	791	801	610	0.0
EMBOSS_001_1	UBM18526.1	40.699	98	779	791	801	610	0.0
EMBOSS_001_1	CBG88121.1	41.615	98	779	791	805	610	0.0
EMBOSS_001_1	QVK38838.1	40.699	98	779	791	801	610	0.0
EMBOSS_001_1	ADY39450.1	40.699	98	779	791	801	610	0.0
EMBOSS_001_1	QBB04775.1	40.699	98	779	791	801	610	0.0
EMBOSS_001_1	AUM03355.1	40.574	98	779	791	801	610	0.0
EMBOSS_001_1	ANS67340.1	41.266	99	779	772	790	610	0.0
EMBOSS_001_1	QAT49116.1	42.054	99	779	817	818	610	0.0
EMBOSS_001_1	BBJ58344.1	40.574	98	779	791	801	610	0.0
EMBOSS_001_1	AXG56211.1	41.266	99	779	772	790	610	0.0
EMBOSS_001_1	QIB81852.1	40.342	99	779	791	818	610	0.0
EMBOSS_001_1	QMV07327.1	41.266	99	779	772	790	610	0.0
EMBOSS_001_1	BBV70820.1	40.342	99	779	791	818	610	0.0
EMBOSS_001_1	AOP86553.1	40.220	99	779	791	818	609	0.0
EMBOSS_001_1	AYL06106.1	40.220	99	779	791	818	609	0.0
EMBOSS_001_1	QIP19858.1	40.220	99	779	791	818	609	0.0
EMBOSS_001_1	AUX92188.1	41.542	99	779	793	804	609	0.0
EMBOSS_001_1	BBJ63460.1	40.699	98	779	791	801	609	0.0
EMBOSS_001_1	BCB75478.1	41.951	99	779	797	820	609	0.0
EMBOSS_001_1	BBW21480.1	40.220	99	779	791	818	609	0.0
EMBOSS_001_1	QVV59850.1	40.423	98	779	793	804	609	0.0
EMBOSS_001_1	AOM77197.1	43.036	97	779	789	797	608	0.0
EMBOSS_001_1	QNQ20131.1	40.709	99	779	790	818	608	0.0
EMBOSS_001_1	QAR46517.1	41.469	99	779	790	803	608	0.0
EMBOSS_001_1	QFS62703.1	41.677	99	779	789	799	608	0.0
EMBOSS_001_1	VAV78069.1	39.976	99	779	791	818	608	0.0
EMBOSS_001_1	BBM67553.1	43.179	97	779	785	799	608	0.0
EMBOSS_001_1	APZ06307.1	41.220	99	779	790	803	608	0.0
EMBOSS_001_1	QNK08623.1	41.457	98	779	789	796	608	0.0
EMBOSS_001_1	AVY99256.1	41.940	98	779	791	794	608	0.0
EMBOSS_001_1	QQE37325.1	40.574	98	779	791	801	608	0.0
EMBOSS_001_1	QCR38516.1	42.893	97	779	793	802	607	0.0
EMBOSS_001_1	UAK19246.1	41.698	98	779	790	789	607	0.0
EMBOSS_001_1	UAN14826.1	40.574	98	779	791	801	607	0.0
EMBOSS_001_1	QOR50633.1	40.667	98	779	791	809	607	0.0
EMBOSS_001_1	QMT04588.1	40.220	99	779	791	818	607	0.0
EMBOSS_001_1	SLL99176.1	42.964	99	779	790	803	607	0.0
EMBOSS_001_1	AZL62089.1	40.574	98	779	791	801	607	0.0
EMBOSS_001_1	ATO81768.1	42.964	99	779	790	803	607	0.0
EMBOSS_001_1	AEV83375.1	42.964	99	779	790	803	607	0.0
EMBOSS_001_1	SDO74156.1	43.704	99	779	801	810	607	0.0
EMBOSS_001_1	AST68934.1	41.469	99	779	790	803	607	0.0
EMBOSS_001_1	AMZ78051.1	40.098	99	779	791	818	607	0.0
EMBOSS_001_1	AEN64507.1	40.368	99	779	791	815	606	0.0
EMBOSS_001_1	APX33676.1	43.350	98	779	793	782	606	0.0
EMBOSS_001_1	QEO01738.1	40.220	99	779	791	818	606	0.0
EMBOSS_001_1	QNP70724.1	42.567	99	779	776	787	606	0.0
EMBOSS_001_1	BBV82108.1	40.220	99	779	791	818	606	0.0
EMBOSS_001_1	QIR27263.1	41.445	98	779	790	789	606	0.0
EMBOSS_001_1	QZS49111.1	40.220	99	779	791	818	606	0.0
EMBOSS_001_1	AQZ64224.1	42.469	99	779	810	810	605	0.0
EMBOSS_001_1	BBC94174.1	42.205	99	779	775	789	605	0.0
EMBOSS_001_1	QZE15313.1	44.031	96	779	772	779	605	0.0
EMBOSS_001_1	AHB70688.1	42.821	98	779	779	787	605	0.0
EMBOSS_001_1	QNT93517.1	42.205	99	779	775	789	605	0.0
EMBOSS_001_1	QLT76098.1	40.598	98	779	789	803	605	0.0
EMBOSS_001_1	QLO36579.1	40.598	98	779	789	803	605	0.0
EMBOSS_001_1	QIR22635.1	40.699	98	779	791	801	605	0.0
EMBOSS_001_1	QTO37958.1	42.656	98	779	771	783	605	0.0
EMBOSS_001_1	QLE95613.1	41.952	96	779	803	789	605	0.0
EMBOSS_001_1	BCJ46409.1	42.999	98	779	811	807	604	0.0
EMBOSS_001_1	QDC39985.1	42.371	97	779	791	793	604	0.0
EMBOSS_001_1	QQQ78615.1	44.780	99	779	778	795	604	0.0
EMBOSS_001_1	QLK61706.1	41.220	98	779	790	803	603	0.0
EMBOSS_001_1	QJQ14309.1	40.098	99	779	791	818	603	0.0
EMBOSS_001_1	AMX05617.1	40.886	96	779	780	790	603	0.0
EMBOSS_001_1	CBT74437.1	42.857	98	779	776	791	603	0.0
EMBOSS_001_1	QBG07853.1	40.847	98	779	789	803	603	0.0
EMBOSS_001_1	AMK07469.1	41.554	99	779	789	811	603	0.0
EMBOSS_001_1	AMK07510.1	40.722	98	779	789	803	603	0.0
EMBOSS_001_1	QNN48853.1	43.083	99	779	820	824	602	0.0
EMBOSS_001_1	QUX29123.1	41.698	99	779	806	801	602	0.0
EMBOSS_001_1	QPP10809.1	42.621	99	779	785	786	602	0.0
EMBOSS_001_1	AGU11176.1	41.912	99	779	791	816	602	0.0
EMBOSS_001_1	AOX46424.1	44.258	97	779	777	775	601	0.0
EMBOSS_001_1	AWL36952.1	42.532	98	779	800	790	601	0.0
EMBOSS_001_1	AWS46962.1	41.995	99	779	817	812	601	0.0
EMBOSS_001_1	BAB61064.1	42.132	99	779	770	788	601	0.0
EMBOSS_001_1	BAD02389.1	42.132	99	779	770	788	601	0.0
EMBOSS_001_1	QKN81637.1	40.587	99	779	789	818	600	0.0
EMBOSS_001_1	AJY46341.1	43.093	98	779	789	789	600	0.0
EMBOSS_001_1	QPZ37552.1	44.602	97	779	767	778	600	0.0
EMBOSS_001_1	ACV09707.1	42.932	96	779	760	764	599	0.0
EMBOSS_001_1	ASO21005.1	41.576	98	779	847	825	599	0.0
EMBOSS_001_1	ASE09079.1	42.932	96	779	760	764	599	0.0
EMBOSS_001_1	SQH22262.1	42.932	96	779	760	764	599	0.0
EMBOSS_001_1	BCB90440.1	42.195	99	779	796	820	599	0.0
EMBOSS_001_1	BBR58755.1	41.423	98	779	790	787	599	0.0
EMBOSS_001_1	BBR21017.1	41.423	98	779	790	787	599	0.0
EMBOSS_001_1	AOI80499.1	42.631	99	779	806	821	599	0.0
EMBOSS_001_1	BBS91951.1	41.423	98	779	790	787	599	0.0
EMBOSS_001_1	BBQ84063.1	41.423	98	779	790	787	599	0.0
EMBOSS_001_1	AYN30049.1	42.697	99	779	794	801	599	0.0
EMBOSS_001_1	AWE48457.1	40.842	99	779	791	808	599	0.0
EMBOSS_001_1	QZZ29669.1	42.440	99	779	774	787	598	0.0
EMBOSS_001_1	QEV27288.1	43.020	99	779	770	788	598	0.0
EMBOSS_001_1	AXI77588.1	41.791	99	779	800	804	598	0.0
EMBOSS_001_1	QEG36436.1	42.516	96	779	777	795	598	0.0
EMBOSS_001_1	SMF88253.1	43.291	96	779	765	790	598	0.0
EMBOSS_001_1	QFU97526.1	45.059	94	779	765	759	598	0.0
EMBOSS_001_1	AGB77944.1	41.096	98	779	789	803	598	0.0
