CCG44311.1	CCG44311.1	100.000	100	534	534	534	1112	0.0
CCG44311.1	ARK32088.1	78.799	99	534	535	533	905	0.0
CCG44311.1	ADU28836.1	77.486	99	534	535	533	894	0.0
CCG44311.1	ACS99429.1	75.047	99	534	535	533	867	0.0
CCG44311.1	AWI11220.1	75.235	99	534	534	533	862	0.0
CCG44311.1	BAC15081.1	75.468	99	534	536	534	861	0.0
CCG44311.1	SQI53914.1	74.484	99	534	536	533	857	0.0
CCG44311.1	AGE22437.1	73.396	99	534	567	530	843	0.0
CCG44311.1	ALI16361.1	72.983	99	534	535	533	842	0.0
CCG44311.1	ABO67122.1	72.795	99	534	535	533	838	0.0
CCG44311.1	ARP42883.1	72.795	99	534	535	533	838	0.0
CCG44311.1	AFL93485.1	72.420	99	534	535	533	833	0.0
CCG44311.1	BAM46395.1	68.421	99	534	535	532	767	0.0
ARP42883.1	ABO67122.1	100.000	100	535	535	535	1111	0.0
ARP42883.1	ARP42883.1	100.000	100	535	535	535	1111	0.0
ARP42883.1	AFL93485.1	99.626	100	535	535	535	1107	0.0
ARP42883.1	AGE22437.1	95.514	100	535	567	535	1078	0.0
ARP42883.1	ALI16361.1	94.766	100	535	535	535	1067	0.0
ARP42883.1	AWI11220.1	80.675	99	535	534	533	920	0.0
ARP42883.1	ADU28836.1	78.652	99	535	535	534	904	0.0
ARP42883.1	ARK32088.1	78.277	99	535	535	534	903	0.0
ARP42883.1	SQI53914.1	77.528	99	535	536	534	898	0.0
ARP42883.1	ACS99429.1	76.217	99	535	535	534	870	0.0
ARP42883.1	CCG44311.1	72.795	99	535	534	533	838	0.0
ARP42883.1	BAC15081.1	72.608	99	535	536	533	830	0.0
ARP42883.1	BAM46395.1	70.113	99	535	535	532	784	0.0
BAM46395.1	BAM46395.1	100.000	100	535	535	535	1112	0.0
BAM46395.1	ADU28836.1	73.970	99	535	535	534	821	0.0
BAM46395.1	ARK32088.1	73.546	99	535	535	533	816	0.0
BAM46395.1	AWI11220.1	73.120	99	535	534	532	815	0.0
BAM46395.1	SQI53914.1	72.881	99	535	536	531	810	0.0
BAM46395.1	ACS99429.1	71.509	99	535	535	530	797	0.0
BAM46395.1	BAC15081.1	71.482	99	535	536	533	793	0.0
BAM46395.1	AGE22437.1	70.301	99	535	567	532	786	0.0
BAM46395.1	ABO67122.1	70.113	99	535	535	532	784	0.0
BAM46395.1	ARP42883.1	70.113	99	535	535	532	784	0.0
BAM46395.1	AFL93485.1	69.737	99	535	535	532	778	0.0
BAM46395.1	ALI16361.1	69.492	99	535	535	531	775	0.0
BAM46395.1	CCG44311.1	68.421	99	535	534	532	767	0.0
SQI53914.1	SQI53914.1	100.000	100	536	536	536	1117	0.0
SQI53914.1	ARK32088.1	80.150	99	536	535	534	926	0.0
SQI53914.1	ADU28836.1	80.374	99	536	535	535	924	0.0
SQI53914.1	AWI11220.1	78.987	99	536	534	533	909	0.0
SQI53914.1	AGE22437.1	77.715	99	536	567	534	902	0.0
SQI53914.1	ACS99429.1	78.839	99	536	535	534	902	0.0
SQI53914.1	ABO67122.1	77.528	99	536	535	534	898	0.0
SQI53914.1	ARP42883.1	77.528	99	536	535	534	898	0.0
SQI53914.1	ALI16361.1	77.528	99	536	535	534	895	0.0
SQI53914.1	AFL93485.1	77.154	99	536	535	534	893	0.0
SQI53914.1	CCG44311.1	74.484	99	536	534	533	857	0.0
SQI53914.1	BAC15081.1	75.235	99	536	536	533	856	0.0
SQI53914.1	BAM46395.1	72.881	99	536	535	531	810	0.0
AFL93485.1	AFL93485.1	100.000	100	535	535	535	1113	0.0
AFL93485.1	ABO67122.1	99.626	100	535	535	535	1107	0.0
AFL93485.1	ARP42883.1	99.626	100	535	535	535	1107	0.0
AFL93485.1	AGE22437.1	95.140	100	535	567	535	1073	0.0
AFL93485.1	ALI16361.1	94.393	100	535	535	535	1063	0.0
AFL93485.1	AWI11220.1	80.300	99	535	534	533	915	0.0
AFL93485.1	ADU28836.1	78.277	99	535	535	534	899	0.0
AFL93485.1	ARK32088.1	77.903	99	535	535	534	897	0.0
AFL93485.1	SQI53914.1	77.154	99	535	536	534	893	0.0
AFL93485.1	ACS99429.1	75.843	99	535	535	534	866	0.0
AFL93485.1	CCG44311.1	72.420	99	535	534	533	833	0.0
AFL93485.1	BAC15081.1	72.420	99	535	536	533	827	0.0
AFL93485.1	BAM46395.1	69.737	99	535	535	532	778	0.0
BAC15081.1	BAC15081.1	100.000	100	536	536	536	1118	0.0
BAC15081.1	ARK32088.1	77.570	99	536	535	535	890	0.0
BAC15081.1	ADU28836.1	76.449	99	536	535	535	880	0.0
BAC15081.1	CCG44311.1	75.468	99	536	534	534	861	0.0
BAC15081.1	AWI11220.1	74.672	99	536	534	533	856	0.0
BAC15081.1	SQI53914.1	75.235	99	536	536	533	856	0.0
BAC15081.1	ACS99429.1	73.546	99	536	535	533	850	0.0
BAC15081.1	AGE22437.1	73.171	99	536	567	533	838	0.0
BAC15081.1	ALI16361.1	72.795	99	536	535	533	835	0.0
BAC15081.1	ABO67122.1	72.608	99	536	535	533	830	0.0
BAC15081.1	ARP42883.1	72.608	99	536	535	533	830	0.0
BAC15081.1	AFL93485.1	72.420	99	536	535	533	827	0.0
BAC15081.1	BAM46395.1	71.482	99	536	535	533	793	0.0
ABO67122.1	ABO67122.1	100.000	100	535	535	535	1111	0.0
ABO67122.1	ARP42883.1	100.000	100	535	535	535	1111	0.0
ABO67122.1	AFL93485.1	99.626	100	535	535	535	1107	0.0
ABO67122.1	AGE22437.1	95.514	100	535	567	535	1078	0.0
ABO67122.1	ALI16361.1	94.766	100	535	535	535	1067	0.0
ABO67122.1	AWI11220.1	80.675	99	535	534	533	920	0.0
ABO67122.1	ADU28836.1	78.652	99	535	535	534	904	0.0
ABO67122.1	ARK32088.1	78.277	99	535	535	534	903	0.0
ABO67122.1	SQI53914.1	77.528	99	535	536	534	898	0.0
ABO67122.1	ACS99429.1	76.217	99	535	535	534	870	0.0
ABO67122.1	CCG44311.1	72.795	99	535	534	533	838	0.0
ABO67122.1	BAC15081.1	72.608	99	535	536	533	830	0.0
ABO67122.1	BAM46395.1	70.113	99	535	535	532	784	0.0
ALI16361.1	ALI16361.1	100.000	100	535	535	535	1114	0.0
ALI16361.1	AGE22437.1	97.570	100	535	567	535	1092	0.0
ALI16361.1	ABO67122.1	94.766	100	535	535	535	1067	0.0
ALI16361.1	ARP42883.1	94.766	100	535	535	535	1067	0.0
ALI16361.1	AFL93485.1	94.393	100	535	535	535	1063	0.0
ALI16361.1	AWI11220.1	79.174	99	535	534	533	913	0.0
ALI16361.1	ADU28836.1	77.715	99	535	535	534	903	0.0
ALI16361.1	SQI53914.1	77.528	99	535	536	534	895	0.0
ALI16361.1	ARK32088.1	76.779	99	535	535	534	893	0.0
ALI16361.1	ACS99429.1	75.094	99	535	535	534	862	0.0
ALI16361.1	CCG44311.1	72.983	99	535	534	533	842	0.0
ALI16361.1	BAC15081.1	72.795	99	535	536	533	835	0.0
ALI16361.1	BAM46395.1	69.492	99	535	535	531	775	0.0
ADU28836.1	ADU28836.1	100.000	100	535	535	535	1117	0.0
ADU28836.1	ARK32088.1	88.785	100	535	535	535	1011	0.0
ADU28836.1	AWI11220.1	82.739	99	535	534	533	958	0.0
ADU28836.1	SQI53914.1	80.374	100	535	536	535	924	0.0
ADU28836.1	ACS99429.1	80.150	99	535	535	534	918	0.0
ADU28836.1	AGE22437.1	77.903	99	535	567	534	904	0.0
ADU28836.1	ABO67122.1	78.652	99	535	535	534	904	0.0
ADU28836.1	ARP42883.1	78.652	99	535	535	534	904	0.0
ADU28836.1	ALI16361.1	77.715	99	535	535	534	903	0.0
ADU28836.1	AFL93485.1	78.277	99	535	535	534	899	0.0
ADU28836.1	CCG44311.1	77.486	99	535	534	533	894	0.0
ADU28836.1	BAC15081.1	76.449	100	535	536	535	880	0.0
ADU28836.1	BAM46395.1	73.970	99	535	535	534	821	0.0
AWI11220.1	AWI11220.1	100.000	100	534	534	534	1113	0.0
AWI11220.1	ADU28836.1	82.739	99	534	535	533	958	0.0
AWI11220.1	ARK32088.1	82.364	99	534	535	533	947	0.0
AWI11220.1	ABO67122.1	80.675	99	534	535	533	920	0.0
AWI11220.1	ARP42883.1	80.675	99	534	535	533	920	0.0
AWI11220.1	AGE22437.1	79.550	99	534	567	533	919	0.0
AWI11220.1	AFL93485.1	80.300	99	534	535	533	915	0.0
AWI11220.1	ALI16361.1	79.174	99	534	535	533	913	0.0
AWI11220.1	SQI53914.1	78.987	99	534	536	533	909	0.0
AWI11220.1	ACS99429.1	76.548	99	534	535	533	883	0.0
AWI11220.1	CCG44311.1	75.235	99	534	534	533	862	0.0
AWI11220.1	BAC15081.1	74.672	99	534	536	533	856	0.0
AWI11220.1	BAM46395.1	73.120	99	534	535	532	815	0.0
ACS99429.1	ACS99429.1	100.000	100	535	535	535	1122	0.0
ACS99429.1	ADU28836.1	80.150	99	535	535	534	918	0.0
ACS99429.1	ARK32088.1	79.588	99	535	535	534	910	0.0
ACS99429.1	SQI53914.1	78.839	99	535	536	534	902	0.0
ACS99429.1	AWI11220.1	76.548	99	535	534	533	883	0.0
ACS99429.1	AGE22437.1	76.271	99	535	567	531	871	0.0
ACS99429.1	ABO67122.1	76.217	99	535	535	534	870	0.0
ACS99429.1	ARP42883.1	76.217	99	535	535	534	870	0.0
ACS99429.1	CCG44311.1	75.047	99	535	534	533	867	0.0
ACS99429.1	AFL93485.1	75.843	99	535	535	534	866	0.0
ACS99429.1	ALI16361.1	75.094	99	535	535	534	862	0.0
ACS99429.1	BAC15081.1	73.546	99	535	536	533	850	0.0
ACS99429.1	BAM46395.1	71.509	99	535	535	530	797	0.0
ARK32088.1	ARK32088.1	100.000	100	535	535	535	1120	0.0
ARK32088.1	ADU28836.1	88.785	100	535	535	535	1011	0.0
ARK32088.1	AWI11220.1	82.364	99	535	534	533	947	0.0
ARK32088.1	SQI53914.1	80.150	99	535	536	534	926	0.0
ARK32088.1	ACS99429.1	79.588	99	535	535	534	910	0.0
ARK32088.1	CCG44311.1	78.799	99	535	534	533	905	0.0
ARK32088.1	ABO67122.1	78.277	99	535	535	534	903	0.0
ARK32088.1	ARP42883.1	78.277	99	535	535	534	903	0.0
ARK32088.1	AGE22437.1	77.778	99	535	567	531	899	0.0
ARK32088.1	AFL93485.1	77.903	99	535	535	534	897	0.0
ARK32088.1	ALI16361.1	76.779	99	535	535	534	893	0.0
ARK32088.1	BAC15081.1	77.570	100	535	536	535	890	0.0
ARK32088.1	BAM46395.1	73.546	99	535	535	533	816	0.0
AGE22437.1	AGE22437.1	100.000	100	567	567	567	1179	0.0
AGE22437.1	ALI16361.1	97.570	94	567	535	535	1092	0.0
AGE22437.1	ABO67122.1	95.514	94	567	535	535	1078	0.0
AGE22437.1	ARP42883.1	95.514	94	567	535	535	1078	0.0
AGE22437.1	AFL93485.1	95.140	94	567	535	535	1073	0.0
AGE22437.1	AWI11220.1	79.550	94	567	534	533	919	0.0
AGE22437.1	ADU28836.1	77.903	94	567	535	534	904	0.0
AGE22437.1	SQI53914.1	77.715	94	567	536	534	902	0.0
AGE22437.1	ARK32088.1	77.778	94	567	535	531	899	0.0
AGE22437.1	ACS99429.1	76.271	94	567	535	531	871	0.0
AGE22437.1	CCG44311.1	73.396	93	567	534	530	843	0.0
AGE22437.1	BAC15081.1	73.171	94	567	536	533	838	0.0
AGE22437.1	BAM46395.1	70.301	94	567	535	532	786	0.0
