SQI91192.1	SQI91192.1	100.000	100	559	559	559	1154	0.0
SQI91192.1	QOV58171.1	90.844	99	559	559	557	1062	0.0
SQI91192.1	QIF87838.1	90.664	99	559	559	557	1062	0.0
SQI91192.1	ACI06688.1	90.664	99	559	559	557	1061	0.0
SQI91192.1	VEC60993.1	90.664	99	559	559	557	1061	0.0
SQI91192.1	QDI10504.1	90.844	99	559	559	557	1056	0.0
SQI91192.1	BBQ91616.1	90.305	99	559	559	557	1052	0.0
SQI91192.1	SQJ12668.1	87.971	99	559	559	557	1031	0.0
SQI91192.1	VDZ59395.1	88.330	99	559	559	557	1031	0.0
SQI91192.1	VEI66908.1	86.176	99	559	559	557	1006	0.0
SQI91192.1	VTP65858.1	85.996	99	559	559	557	1006	0.0
SQI91192.1	CAE1148859.1	86.176	99	559	559	557	1006	0.0
SQI91192.1	VEA69500.1	85.996	99	559	559	557	1006	0.0
SQI91192.1	ABX75762.2	81.149	99	559	559	557	951	0.0
SQI91192.1	QNT21370.1	80.969	99	559	559	557	951	0.0
SQI91192.1	AAK05603.1	80.790	99	559	559	557	950	0.0
SQI91192.1	CBL10126.1	78.479	96	559	540	539	897	0.0
SQI91192.1	CBL13352.1	78.293	96	559	540	539	894	0.0
SQI91192.1	QBZ05673.1	73.835	99	559	562	558	860	0.0
SQI91192.1	ALI32240.1	73.835	99	559	562	558	859	0.0
SQI91192.1	SFZ86993.1	75.187	96	559	539	536	852	0.0
SQI91192.1	QCZ47082.1	73.420	96	559	540	538	847	0.0
SQI91192.1	QCZ54377.1	73.420	96	559	540	538	846	0.0
SQI91192.1	AOT56963.1	71.429	99	559	562	560	833	0.0
SQI91192.1	ACA81905.1	71.071	99	559	562	560	825	0.0
SQI91192.1	QHB62214.1	70.741	96	559	543	540	795	0.0
SQI91192.1	AEK29976.1	69.944	96	559	541	539	791	0.0
SQI91192.1	ACL29336.1	69.944	96	559	541	539	791	0.0
SQI91192.1	ASW23510.1	69.759	96	559	541	539	790	0.0
SQI91192.1	ADB09236.1	69.630	96	559	543	540	786	0.0
SQI91192.1	ALE36853.1	68.343	96	559	539	537	777	0.0
SQI91192.1	CBK69950.1	68.343	96	559	539	537	773	0.0
SQI91192.1	VEI47713.1	71.084	74	559	460	415	620	0.0
VEC60993.1	VEC60993.1	100.000	100	559	559	559	1154	0.0
VEC60993.1	QIF87838.1	99.463	100	559	559	559	1149	0.0
VEC60993.1	ACI06688.1	99.106	100	559	559	559	1144	0.0
VEC60993.1	QOV58171.1	98.927	100	559	559	559	1143	0.0
VEC60993.1	SQI91192.1	90.664	99	559	559	557	1061	0.0
VEC60993.1	BBQ91616.1	89.767	99	559	559	557	1051	0.0
VEC60993.1	QDI10504.1	89.767	99	559	559	557	1050	0.0
VEC60993.1	SQJ12668.1	87.253	99	559	559	557	1027	0.0
VEC60993.1	VDZ59395.1	87.253	99	559	559	557	1023	0.0
VEC60993.1	VEA69500.1	86.535	99	559	559	557	1015	0.0
VEC60993.1	VTP65858.1	86.535	99	559	559	557	1014	0.0
VEC60993.1	VEI66908.1	86.715	99	559	559	557	1014	0.0
VEC60993.1	CAE1148859.1	86.715	99	559	559	557	1014	0.0
VEC60993.1	ABX75762.2	81.867	99	559	559	557	961	0.0
VEC60993.1	QNT21370.1	81.688	99	559	559	557	959	0.0
VEC60993.1	AAK05603.1	81.508	99	559	559	557	958	0.0
VEC60993.1	CBL10126.1	78.664	96	559	540	539	897	0.0
VEC60993.1	CBL13352.1	78.479	96	559	540	539	895	0.0
VEC60993.1	QBZ05673.1	74.194	99	559	562	558	867	0.0
VEC60993.1	ALI32240.1	74.194	99	559	562	558	865	0.0
VEC60993.1	QCZ47082.1	74.535	96	559	540	538	855	0.0
VEC60993.1	QCZ54377.1	74.349	96	559	540	538	853	0.0
VEC60993.1	SFZ86993.1	74.627	96	559	539	536	841	0.0
VEC60993.1	AOT56963.1	72.043	99	559	562	558	839	0.0
VEC60993.1	ACA81905.1	70.789	99	559	562	558	821	0.0
VEC60993.1	AEK29976.1	68.831	96	559	541	539	785	0.0
VEC60993.1	ACL29336.1	68.831	96	559	541	539	785	0.0
VEC60993.1	ASW23510.1	68.646	96	559	541	539	783	0.0
VEC60993.1	QHB62214.1	69.202	96	559	543	539	783	0.0
VEC60993.1	ALE36853.1	67.970	96	559	539	537	770	0.0
VEC60993.1	ADB09236.1	68.089	96	559	543	539	767	0.0
VEC60993.1	CBK69950.1	67.784	96	559	539	537	766	0.0
VEC60993.1	VEI47713.1	72.289	74	559	460	415	629	0.0
AAK05603.1	AAK05603.1	100.000	100	559	559	559	1155	0.0
AAK05603.1	QNT21370.1	99.821	100	559	559	559	1154	0.0
AAK05603.1	ABX75762.2	98.032	100	559	559	559	1136	0.0
AAK05603.1	QDI10504.1	82.648	100	559	559	559	981	0.0
AAK05603.1	VTP65858.1	82.648	100	559	559	559	980	0.0
AAK05603.1	VEI66908.1	82.469	100	559	559	559	978	0.0
AAK05603.1	VEA69500.1	82.290	100	559	559	559	975	0.0
AAK05603.1	CAE1148859.1	82.111	100	559	559	559	974	0.0
AAK05603.1	BBQ91616.1	81.395	100	559	559	559	970	0.0
AAK05603.1	VDZ59395.1	81.932	100	559	559	559	969	0.0
AAK05603.1	SQJ12668.1	82.111	100	559	559	559	968	0.0
AAK05603.1	QIF87838.1	82.047	99	559	559	557	962	0.0
AAK05603.1	ACI06688.1	81.867	99	559	559	557	959	0.0
AAK05603.1	QOV58171.1	81.688	99	559	559	557	958	0.0
AAK05603.1	VEC60993.1	81.508	99	559	559	557	958	0.0
AAK05603.1	SQI91192.1	80.790	99	559	559	557	950	0.0
AAK05603.1	QCZ47082.1	78.996	96	559	540	538	905	0.0
AAK05603.1	ALI32240.1	76.923	99	559	562	559	904	0.0
AAK05603.1	QCZ54377.1	78.810	96	559	540	538	903	0.0
AAK05603.1	QBZ05673.1	76.744	99	559	562	559	903	0.0
AAK05603.1	CBL10126.1	78.479	96	559	540	539	902	0.0
AAK05603.1	CBL13352.1	78.293	96	559	540	539	900	0.0
AAK05603.1	AOT56963.1	72.630	99	559	562	559	862	0.0
AAK05603.1	SFZ86993.1	74.627	96	559	539	536	848	0.0
AAK05603.1	ACA81905.1	71.556	99	559	562	559	842	0.0
AAK05603.1	AEK29976.1	71.614	96	559	541	539	831	0.0
AAK05603.1	ACL29336.1	71.614	96	559	541	539	831	0.0
AAK05603.1	ASW23510.1	71.429	96	559	541	539	828	0.0
AAK05603.1	QHB62214.1	71.614	96	559	543	539	813	0.0
AAK05603.1	ALE36853.1	70.950	96	559	539	537	808	0.0
AAK05603.1	CBK69950.1	70.577	96	559	539	537	804	0.0
AAK05603.1	ADB09236.1	70.130	96	559	543	539	797	0.0
AAK05603.1	VEI47713.1	76.386	74	559	460	415	663	0.0
VEA69500.1	VEA69500.1	100.000	100	559	559	559	1156	0.0
VEA69500.1	VTP65858.1	99.106	100	559	559	559	1148	0.0
VEA69500.1	VEI66908.1	98.390	100	559	559	559	1142	0.0
VEA69500.1	CAE1148859.1	98.211	100	559	559	559	1141	0.0
VEA69500.1	SQJ12668.1	91.413	100	559	559	559	1066	0.0
VEA69500.1	VDZ59395.1	90.340	100	559	559	559	1053	0.0
VEA69500.1	QDI10504.1	88.014	100	559	559	559	1041	0.0
VEA69500.1	BBQ91616.1	87.657	100	559	559	559	1039	0.0
VEA69500.1	ACI06688.1	86.715	99	559	559	557	1017	0.0
VEA69500.1	QIF87838.1	86.535	99	559	559	557	1015	0.0
VEA69500.1	VEC60993.1	86.535	99	559	559	557	1015	0.0
VEA69500.1	QOV58171.1	86.355	99	559	559	557	1013	0.0
VEA69500.1	SQI91192.1	85.996	99	559	559	557	1006	0.0
VEA69500.1	QNT21370.1	82.469	100	559	559	559	977	0.0
VEA69500.1	AAK05603.1	82.290	100	559	559	559	975	0.0
VEA69500.1	ABX75762.2	81.932	100	559	559	559	972	0.0
VEA69500.1	CBL10126.1	76.580	96	559	540	538	882	0.0
VEA69500.1	CBL13352.1	76.580	96	559	540	538	882	0.0
VEA69500.1	QBZ05673.1	74.955	99	559	562	559	881	0.0
VEA69500.1	ALI32240.1	74.597	99	559	562	559	876	0.0
VEA69500.1	QCZ47082.1	73.978	96	559	540	538	852	0.0
VEA69500.1	QCZ54377.1	73.792	96	559	540	538	849	0.0
VEA69500.1	AOT56963.1	72.272	99	559	562	559	846	0.0
VEA69500.1	SFZ86993.1	73.271	96	559	539	535	832	0.0
VEA69500.1	ACA81905.1	69.410	99	559	562	559	808	0.0
VEA69500.1	AEK29976.1	68.284	96	559	541	536	783	0.0
VEA69500.1	ACL29336.1	68.284	96	559	541	536	783	0.0
VEA69500.1	ASW23510.1	68.284	96	559	541	536	782	0.0
VEA69500.1	QHB62214.1	68.148	96	559	543	540	775	0.0
VEA69500.1	ADB09236.1	66.852	96	559	543	540	763	0.0
VEA69500.1	ALE36853.1	67.537	96	559	539	536	761	0.0
VEA69500.1	CBK69950.1	67.164	96	559	539	536	758	0.0
VEA69500.1	VEI47713.1	71.807	74	559	460	415	624	0.0
VEI66908.1	VEI66908.1	100.000	100	559	559	559	1156	0.0
VEI66908.1	VTP65858.1	99.284	100	559	559	559	1150	0.0
VEI66908.1	CAE1148859.1	99.106	100	559	559	559	1150	0.0
VEI66908.1	VEA69500.1	98.390	100	559	559	559	1142	0.0
VEI66908.1	SQJ12668.1	92.129	100	559	559	559	1072	0.0
VEI66908.1	VDZ59395.1	90.340	100	559	559	559	1053	0.0
VEI66908.1	QDI10504.1	88.551	100	559	559	559	1044	0.0
VEI66908.1	BBQ91616.1	87.835	100	559	559	559	1041	0.0
VEI66908.1	ACI06688.1	86.894	99	559	559	557	1016	0.0
VEI66908.1	QIF87838.1	86.715	99	559	559	557	1015	0.0
VEI66908.1	VEC60993.1	86.715	99	559	559	557	1014	0.0
VEI66908.1	QOV58171.1	86.535	99	559	559	557	1013	0.0
VEI66908.1	SQI91192.1	86.176	99	559	559	557	1006	0.0
VEI66908.1	AAK05603.1	82.469	100	559	559	559	978	0.0
VEI66908.1	QNT21370.1	82.290	100	559	559	559	977	0.0
VEI66908.1	ABX75762.2	82.290	100	559	559	559	976	0.0
VEI66908.1	CBL10126.1	76.952	96	559	540	538	885	0.0
VEI66908.1	CBL13352.1	76.952	96	559	540	538	885	0.0
VEI66908.1	QBZ05673.1	75.313	99	559	562	559	884	0.0
VEI66908.1	ALI32240.1	74.955	99	559	562	559	879	0.0
VEI66908.1	AOT56963.1	72.809	99	559	562	559	852	0.0
VEI66908.1	QCZ47082.1	73.978	96	559	540	538	852	0.0
VEI66908.1	QCZ54377.1	73.792	96	559	540	538	849	0.0
VEI66908.1	SFZ86993.1	73.645	96	559	539	535	833	0.0
VEI66908.1	ACA81905.1	69.589	99	559	562	559	812	0.0
VEI66908.1	AEK29976.1	68.470	96	559	541	536	786	0.0
VEI66908.1	ACL29336.1	68.470	96	559	541	536	786	0.0
VEI66908.1	ASW23510.1	68.470	96	559	541	536	786	0.0
VEI66908.1	QHB62214.1	68.889	96	559	543	540	781	0.0
VEI66908.1	ADB09236.1	67.593	96	559	543	540	770	0.0
VEI66908.1	ALE36853.1	68.097	96	559	539	536	766	0.0
VEI66908.1	CBK69950.1	67.910	96	559	539	536	763	0.0
VEI66908.1	VEI47713.1	72.048	74	559	460	415	625	0.0
AOT56963.1	AOT56963.1	100.000	100	562	562	562	1155	0.0
AOT56963.1	QBZ05673.1	84.492	99	562	562	561	997	0.0
AOT56963.1	ALI32240.1	84.314	99	562	562	561	995	0.0
AOT56963.1	ACA81905.1	82.028	100	562	562	562	976	0.0
AOT56963.1	ABX75762.2	73.524	99	562	559	559	868	0.0
AOT56963.1	QNT21370.1	72.809	99	562	559	559	862	0.0
AOT56963.1	AAK05603.1	72.630	99	562	559	559	862	0.0
AOT56963.1	QDI10504.1	72.987	99	562	559	559	853	0.0
AOT56963.1	VEI66908.1	72.809	99	562	559	559	852	0.0
AOT56963.1	VTP65858.1	72.630	99	562	559	559	850	0.0
AOT56963.1	BBQ91616.1	72.272	99	562	559	559	849	0.0
AOT56963.1	CAE1148859.1	72.451	99	562	559	559	849	0.0
AOT56963.1	SQJ12668.1	72.630	99	562	559	559	848	0.0
AOT56963.1	VEA69500.1	72.272	99	562	559	559	846	0.0
AOT56963.1	VEC60993.1	72.043	99	562	559	558	839	0.0
AOT56963.1	QIF87838.1	72.043	99	562	559	558	838	0.0
AOT56963.1	ACI06688.1	72.222	99	562	559	558	838	0.0
AOT56963.1	VDZ59395.1	71.914	99	562	559	559	838	0.0
AOT56963.1	QOV58171.1	72.043	99	562	559	558	837	0.0
AOT56963.1	SQI91192.1	71.429	99	562	559	560	833	0.0
AOT56963.1	CBL10126.1	72.928	96	562	540	543	829	0.0
AOT56963.1	CBL13352.1	72.560	96	562	540	543	826	0.0
AOT56963.1	QCZ47082.1	71.875	97	562	540	544	826	0.0
AOT56963.1	QCZ54377.1	71.691	97	562	540	544	824	0.0
AOT56963.1	SFZ86993.1	70.295	96	562	539	542	805	0.0
AOT56963.1	ASW23510.1	67.706	97	562	541	545	774	0.0
AOT56963.1	AEK29976.1	67.523	97	562	541	545	772	0.0
AOT56963.1	ACL29336.1	67.523	97	562	541	545	772	0.0
AOT56963.1	QHB62214.1	67.523	97	562	543	545	763	0.0
AOT56963.1	ALE36853.1	68.140	96	562	539	543	760	0.0
AOT56963.1	CBK69950.1	67.772	96	562	539	543	754	0.0
AOT56963.1	ADB09236.1	65.872	97	562	543	545	743	0.0
AOT56963.1	VEI47713.1	78.795	74	562	460	415	692	0.0
ASW23510.1	ASW23510.1	100.000	100	541	541	541	1121	0.0
ASW23510.1	AEK29976.1	99.630	100	541	541	541	1117	0.0
ASW23510.1	ACL29336.1	99.630	100	541	541	541	1117	0.0
ASW23510.1	ALE36853.1	80.148	99	541	539	539	922	0.0
ASW23510.1	CBK69950.1	79.221	99	541	539	539	913	0.0
ASW23510.1	QHB62214.1	78.928	100	541	543	541	898	0.0
ASW23510.1	ADB09236.1	76.340	100	541	543	541	868	0.0
ASW23510.1	CBL10126.1	73.284	99	541	540	539	836	0.0
ASW23510.1	ABX75762.2	72.171	99	541	559	539	834	0.0
ASW23510.1	CBL13352.1	72.913	99	541	540	539	832	0.0
ASW23510.1	QNT21370.1	71.614	99	541	559	539	830	0.0
ASW23510.1	AAK05603.1	71.429	99	541	559	539	828	0.0
ASW23510.1	QCZ47082.1	71.904	100	541	540	541	823	0.0
ASW23510.1	QCZ54377.1	71.719	100	541	540	541	821	0.0
ASW23510.1	QDI10504.1	70.686	99	541	559	539	807	0.0
ASW23510.1	QBZ05673.1	70.275	100	541	562	545	803	0.0
ASW23510.1	VDZ59395.1	70.315	99	541	559	539	801	0.0
ASW23510.1	ALI32240.1	70.092	100	541	562	545	799	0.0
ASW23510.1	BBQ91616.1	69.759	99	541	559	539	797	0.0
ASW23510.1	SQJ12668.1	69.573	99	541	559	539	796	0.0
ASW23510.1	SQI91192.1	69.759	99	541	559	539	790	0.0
ASW23510.1	VTP65858.1	68.657	99	541	559	536	787	0.0
ASW23510.1	ACA81905.1	68.807	100	541	562	545	786	0.0
ASW23510.1	SFZ86993.1	67.904	99	541	539	539	786	0.0
ASW23510.1	QIF87838.1	69.202	99	541	559	539	786	0.0
ASW23510.1	VEI66908.1	68.470	99	541	559	536	786	0.0
ASW23510.1	CAE1148859.1	68.470	99	541	559	536	786	0.0
ASW23510.1	QOV58171.1	69.017	99	541	559	539	785	0.0
ASW23510.1	ACI06688.1	69.017	99	541	559	539	784	0.0
ASW23510.1	VEC60993.1	68.646	99	541	559	539	783	0.0
ASW23510.1	VEA69500.1	68.284	99	541	559	536	782	0.0
ASW23510.1	AOT56963.1	67.706	100	541	562	545	774	0.0
ASW23510.1	VEI47713.1	68.395	74	541	460	405	579	0.0
CBK69950.1	CBK69950.1	100.000	100	539	539	539	1121	0.0
CBK69950.1	ALE36853.1	97.959	100	539	539	539	1103	0.0
CBK69950.1	ADB09236.1	80.148	100	539	543	539	916	0.0
CBK69950.1	ASW23510.1	79.221	100	539	541	539	913	0.0
CBK69950.1	QHB62214.1	79.777	100	539	543	539	913	0.0
CBK69950.1	AEK29976.1	79.221	100	539	541	539	912	0.0
CBK69950.1	ACL29336.1	79.221	100	539	541	539	912	0.0
CBK69950.1	QCZ47082.1	72.727	100	539	540	539	825	0.0
CBK69950.1	QCZ54377.1	72.542	100	539	540	539	822	0.0
CBK69950.1	CBL10126.1	72.356	100	539	540	539	813	0.0
CBK69950.1	ABX75762.2	71.322	99	539	559	537	811	0.0
CBK69950.1	CBL13352.1	72.171	100	539	540	539	810	0.0
CBK69950.1	QNT21370.1	70.577	99	539	559	537	804	0.0
CBK69950.1	AAK05603.1	70.577	99	539	559	537	804	0.0
CBK69950.1	QBZ05673.1	71.823	100	539	562	543	801	0.0
CBK69950.1	ALI32240.1	71.455	100	539	562	543	798	0.0
CBK69950.1	QDI10504.1	70.205	99	539	559	537	790	0.0
CBK69950.1	VDZ59395.1	69.274	99	539	559	537	780	0.0
CBK69950.1	BBQ91616.1	69.088	99	539	559	537	779	0.0
CBK69950.1	SQJ12668.1	69.088	99	539	559	537	779	0.0
CBK69950.1	SQI91192.1	68.343	99	539	559	537	773	0.0
CBK69950.1	SFZ86993.1	67.532	100	539	539	539	771	0.0
CBK69950.1	QIF87838.1	68.156	99	539	559	537	769	0.0
CBK69950.1	VEC60993.1	67.784	99	539	559	537	766	0.0
CBK69950.1	ACI06688.1	67.970	99	539	559	537	765	0.0
CBK69950.1	QOV58171.1	67.970	99	539	559	537	765	0.0
CBK69950.1	VTP65858.1	67.724	99	539	559	536	764	0.0
CBK69950.1	ACA81905.1	68.140	100	539	562	543	763	0.0
CBK69950.1	VEI66908.1	67.910	99	539	559	536	763	0.0
CBK69950.1	CAE1148859.1	67.537	99	539	559	536	761	0.0
CBK69950.1	VEA69500.1	67.164	99	539	559	536	758	0.0
CBK69950.1	AOT56963.1	67.772	100	539	562	543	754	0.0
CBK69950.1	VEI47713.1	69.479	74	539	460	403	575	0.0
QIF87838.1	QIF87838.1	100.000	100	559	559	559	1153	0.0
QIF87838.1	VEC60993.1	99.463	100	559	559	559	1149	0.0
QIF87838.1	ACI06688.1	99.284	100	559	559	559	1145	0.0
QIF87838.1	QOV58171.1	99.106	100	559	559	559	1144	0.0
QIF87838.1	SQI91192.1	90.664	99	559	559	557	1062	0.0
QIF87838.1	QDI10504.1	89.767	99	559	559	557	1050	0.0
QIF87838.1	BBQ91616.1	89.408	99	559	559	557	1049	0.0
QIF87838.1	SQJ12668.1	87.253	99	559	559	557	1026	0.0
QIF87838.1	VDZ59395.1	87.433	99	559	559	557	1025	0.0
QIF87838.1	VEI66908.1	86.715	99	559	559	557	1015	0.0
QIF87838.1	VEA69500.1	86.535	99	559	559	557	1015	0.0
QIF87838.1	VTP65858.1	86.535	99	559	559	557	1015	0.0
QIF87838.1	CAE1148859.1	86.715	99	559	559	557	1014	0.0
QIF87838.1	ABX75762.2	82.406	99	559	559	557	964	0.0
QIF87838.1	QNT21370.1	82.226	99	559	559	557	963	0.0
QIF87838.1	AAK05603.1	82.047	99	559	559	557	962	0.0
QIF87838.1	CBL10126.1	78.479	96	559	540	539	896	0.0
QIF87838.1	CBL13352.1	78.293	96	559	540	539	894	0.0
QIF87838.1	QBZ05673.1	74.552	99	559	562	558	869	0.0
QIF87838.1	ALI32240.1	74.552	99	559	562	558	868	0.0
QIF87838.1	QCZ47082.1	75.093	96	559	540	538	859	0.0
QIF87838.1	QCZ54377.1	74.907	96	559	540	538	857	0.0
QIF87838.1	SFZ86993.1	74.440	96	559	539	536	841	0.0
QIF87838.1	AOT56963.1	72.043	99	559	562	558	838	0.0
QIF87838.1	ACA81905.1	71.147	99	559	562	558	822	0.0
QIF87838.1	AEK29976.1	69.388	96	559	541	539	787	0.0
QIF87838.1	ACL29336.1	69.388	96	559	541	539	787	0.0
QIF87838.1	ASW23510.1	69.202	96	559	541	539	786	0.0
QIF87838.1	QHB62214.1	69.202	96	559	543	539	783	0.0
QIF87838.1	ALE36853.1	68.343	96	559	539	537	773	0.0
QIF87838.1	CBK69950.1	68.156	96	559	539	537	769	0.0
QIF87838.1	ADB09236.1	68.275	96	559	543	539	767	0.0
QIF87838.1	VEI47713.1	72.771	74	559	460	415	632	0.0
SQJ12668.1	SQJ12668.1	100.000	100	559	559	559	1155	0.0
SQJ12668.1	VTP65858.1	91.950	100	559	559	559	1073	0.0
SQJ12668.1	VEI66908.1	92.129	100	559	559	559	1072	0.0
SQJ12668.1	CAE1148859.1	92.129	100	559	559	559	1072	0.0
SQJ12668.1	VEA69500.1	91.413	100	559	559	559	1066	0.0
SQJ12668.1	VDZ59395.1	91.771	100	559	559	559	1066	0.0
SQJ12668.1	BBQ91616.1	89.982	100	559	559	559	1058	0.0
SQJ12668.1	QDI10504.1	89.803	100	559	559	559	1055	0.0
SQJ12668.1	SQI91192.1	87.971	99	559	559	557	1031	0.0
SQJ12668.1	ACI06688.1	87.612	99	559	559	557	1029	0.0
SQJ12668.1	QOV58171.1	87.433	99	559	559	557	1027	0.0
SQJ12668.1	VEC60993.1	87.253	99	559	559	557	1027	0.0
SQJ12668.1	QIF87838.1	87.253	99	559	559	557	1026	0.0
SQJ12668.1	ABX75762.2	82.648	100	559	559	559	970	0.0
SQJ12668.1	QNT21370.1	82.290	100	559	559	559	969	0.0
SQJ12668.1	AAK05603.1	82.111	100	559	559	559	968	0.0
SQJ12668.1	CBL10126.1	78.293	96	559	540	539	897	0.0
SQJ12668.1	CBL13352.1	78.108	96	559	540	539	895	0.0
SQJ12668.1	QBZ05673.1	75.134	99	559	562	559	874	0.0
SQJ12668.1	ALI32240.1	74.955	99	559	562	559	871	0.0
SQJ12668.1	QCZ47082.1	75.279	96	559	540	538	854	0.0
SQJ12668.1	QCZ54377.1	75.093	96	559	540	538	851	0.0
SQJ12668.1	AOT56963.1	72.630	99	559	562	559	848	0.0
SQJ12668.1	SFZ86993.1	74.254	96	559	539	536	840	0.0
SQJ12668.1	ACA81905.1	71.556	99	559	562	559	835	0.0
SQJ12668.1	QHB62214.1	70.686	96	559	543	539	800	0.0
SQJ12668.1	AEK29976.1	69.573	96	559	541	539	796	0.0
SQJ12668.1	ACL29336.1	69.573	96	559	541	539	796	0.0
SQJ12668.1	ASW23510.1	69.573	96	559	541	539	796	0.0
SQJ12668.1	ADB09236.1	69.630	96	559	543	540	789	0.0
SQJ12668.1	ALE36853.1	69.274	96	559	539	537	783	0.0
SQJ12668.1	CBK69950.1	69.088	96	559	539	537	779	0.0
SQJ12668.1	VEI47713.1	73.494	74	559	460	415	632	0.0
CAE1148859.1	CAE1148859.1	100.000	100	559	559	559	1156	0.0
CAE1148859.1	VEI66908.1	99.106	100	559	559	559	1150	0.0
CAE1148859.1	VTP65858.1	98.748	100	559	559	559	1146	0.0
CAE1148859.1	VEA69500.1	98.211	100	559	559	559	1141	0.0
CAE1148859.1	SQJ12668.1	92.129	100	559	559	559	1072	0.0
CAE1148859.1	VDZ59395.1	90.340	100	559	559	559	1052	0.0
CAE1148859.1	QDI10504.1	88.193	100	559	559	559	1041	0.0
CAE1148859.1	BBQ91616.1	87.835	100	559	559	559	1040	0.0
CAE1148859.1	ACI06688.1	86.894	99	559	559	557	1016	0.0
CAE1148859.1	QIF87838.1	86.715	99	559	559	557	1014	0.0
CAE1148859.1	VEC60993.1	86.715	99	559	559	557	1014	0.0
CAE1148859.1	QOV58171.1	86.535	99	559	559	557	1011	0.0
CAE1148859.1	SQI91192.1	86.176	99	559	559	557	1006	0.0
CAE1148859.1	QNT21370.1	82.290	100	559	559	559	976	0.0
CAE1148859.1	ABX75762.2	82.290	100	559	559	559	974	0.0
CAE1148859.1	AAK05603.1	82.111	100	559	559	559	974	0.0
CAE1148859.1	CBL10126.1	76.952	96	559	540	538	885	0.0
CAE1148859.1	CBL13352.1	76.952	96	559	540	538	884	0.0
CAE1148859.1	QBZ05673.1	75.313	99	559	562	559	884	0.0
CAE1148859.1	ALI32240.1	74.955	99	559	562	559	879	0.0
CAE1148859.1	QCZ47082.1	74.349	96	559	540	538	854	0.0
CAE1148859.1	QCZ54377.1	74.164	96	559	540	538	852	0.0
CAE1148859.1	AOT56963.1	72.451	99	559	562	559	849	0.0
CAE1148859.1	SFZ86993.1	73.271	96	559	539	535	830	0.0
CAE1148859.1	ACA81905.1	69.589	99	559	562	559	811	0.0
CAE1148859.1	AEK29976.1	68.470	96	559	541	536	786	0.0
CAE1148859.1	ACL29336.1	68.470	96	559	541	536	786	0.0
CAE1148859.1	ASW23510.1	68.470	96	559	541	536	786	0.0
CAE1148859.1	QHB62214.1	68.889	96	559	543	540	781	0.0
CAE1148859.1	ADB09236.1	67.593	96	559	543	540	769	0.0
CAE1148859.1	ALE36853.1	67.910	96	559	539	536	765	0.0
CAE1148859.1	CBK69950.1	67.537	96	559	539	536	761	0.0
CAE1148859.1	VEI47713.1	72.048	74	559	460	415	625	0.0
QCZ47082.1	QCZ47082.1	100.000	100	540	540	540	1118	0.0
QCZ47082.1	QCZ54377.1	99.630	100	540	540	540	1115	0.0
QCZ47082.1	QNT21370.1	79.182	99	540	559	538	906	0.0
QCZ47082.1	AAK05603.1	78.996	99	540	559	538	905	0.0
QCZ47082.1	ABX75762.2	78.810	99	540	559	538	903	0.0
QCZ47082.1	SFZ86993.1	76.952	99	540	539	538	884	0.0
QCZ47082.1	CBL10126.1	76.022	99	540	540	538	876	0.0
QCZ47082.1	CBL13352.1	75.836	99	540	540	538	874	0.0
QCZ47082.1	QBZ05673.1	76.654	100	540	562	544	871	0.0
QCZ47082.1	ALI32240.1	76.838	100	540	562	544	870	0.0
QCZ47082.1	QDI10504.1	76.208	99	540	559	538	870	0.0
QCZ47082.1	BBQ91616.1	75.836	99	540	559	538	865	0.0
QCZ47082.1	VDZ59395.1	75.836	99	540	559	538	864	0.0
QCZ47082.1	QIF87838.1	75.093	99	540	559	538	859	0.0
QCZ47082.1	ACI06688.1	74.907	99	540	559	538	856	0.0
QCZ47082.1	VEC60993.1	74.535	99	540	559	538	855	0.0
QCZ47082.1	QOV58171.1	74.721	99	540	559	538	855	0.0
QCZ47082.1	CAE1148859.1	74.349	99	540	559	538	854	0.0
QCZ47082.1	SQJ12668.1	75.279	99	540	559	538	854	0.0
QCZ47082.1	VTP65858.1	73.978	99	540	559	538	853	0.0
QCZ47082.1	VEI66908.1	73.978	99	540	559	538	852	0.0
QCZ47082.1	VEA69500.1	73.978	99	540	559	538	852	0.0
QCZ47082.1	SQI91192.1	73.420	99	540	559	538	847	0.0
QCZ47082.1	ALE36853.1	72.913	99	540	539	539	828	0.0
QCZ47082.1	AOT56963.1	71.875	100	540	562	544	826	0.0
QCZ47082.1	CBK69950.1	72.727	99	540	539	539	825	0.0
QCZ47082.1	QHB62214.1	72.089	100	540	543	541	823	0.0
QCZ47082.1	ASW23510.1	71.904	100	540	541	541	823	0.0
QCZ47082.1	ADB09236.1	71.719	100	540	543	541	822	0.0
QCZ47082.1	ACA81905.1	71.324	100	540	562	544	821	0.0
QCZ47082.1	AEK29976.1	71.904	100	540	541	541	821	0.0
QCZ47082.1	ACL29336.1	71.904	100	540	541	541	821	0.0
QCZ47082.1	VEI47713.1	73.020	74	540	460	404	628	0.0
SFZ86993.1	SFZ86993.1	100.000	100	539	539	539	1116	0.0
SFZ86993.1	QCZ47082.1	76.952	99	539	540	538	884	0.0
SFZ86993.1	QCZ54377.1	76.952	99	539	540	538	884	0.0
SFZ86993.1	SQI91192.1	75.187	99	539	559	536	852	0.0
SFZ86993.1	QNT21370.1	74.813	99	539	559	536	849	0.0
SFZ86993.1	AAK05603.1	74.627	99	539	559	536	848	0.0
SFZ86993.1	BBQ91616.1	75.373	99	539	559	536	847	0.0
SFZ86993.1	ABX75762.2	74.627	99	539	559	536	846	0.0
SFZ86993.1	QDI10504.1	75.187	99	539	559	536	845	0.0
SFZ86993.1	QIF87838.1	74.440	99	539	559	536	841	0.0
SFZ86993.1	VEC60993.1	74.627	99	539	559	536	841	0.0
SFZ86993.1	QOV58171.1	74.440	99	539	559	536	841	0.0
SFZ86993.1	CBL10126.1	73.284	100	539	540	539	840	0.0
SFZ86993.1	SQJ12668.1	74.254	99	539	559	536	840	0.0
SFZ86993.1	ACI06688.1	74.254	99	539	559	536	838	0.0
SFZ86993.1	CBL13352.1	73.098	100	539	540	539	838	0.0
SFZ86993.1	VDZ59395.1	73.881	99	539	559	536	837	0.0
SFZ86993.1	VEI66908.1	73.645	99	539	559	535	833	0.0
SFZ86993.1	VEA69500.1	73.271	99	539	559	535	832	0.0
SFZ86993.1	VTP65858.1	73.271	99	539	559	535	831	0.0
SFZ86993.1	CAE1148859.1	73.271	99	539	559	535	830	0.0
SFZ86993.1	QBZ05673.1	72.509	99	539	562	542	826	0.0
SFZ86993.1	ALI32240.1	72.140	99	539	562	542	819	0.0
SFZ86993.1	AOT56963.1	70.295	99	539	562	542	805	0.0
SFZ86993.1	ACA81905.1	68.819	99	539	562	542	789	0.0
SFZ86993.1	ASW23510.1	67.904	99	539	541	539	786	0.0
SFZ86993.1	AEK29976.1	67.904	99	539	541	539	785	0.0
SFZ86993.1	ACL29336.1	67.904	99	539	541	539	785	0.0
SFZ86993.1	QHB62214.1	68.460	99	539	543	539	782	0.0
SFZ86993.1	ADB09236.1	68.089	99	539	543	539	779	0.0
SFZ86993.1	ALE36853.1	67.904	99	539	539	539	774	0.0
SFZ86993.1	CBK69950.1	67.532	99	539	539	539	771	0.0
SFZ86993.1	VEI47713.1	68.657	74	539	460	402	576	0.0
ALE36853.1	ALE36853.1	100.000	100	539	539	539	1121	0.0
ALE36853.1	CBK69950.1	97.959	100	539	539	539	1103	0.0
ALE36853.1	AEK29976.1	80.148	100	539	541	539	922	0.0
ALE36853.1	ACL29336.1	80.148	100	539	541	539	922	0.0
ALE36853.1	ASW23510.1	80.148	100	539	541	539	922	0.0
ALE36853.1	QHB62214.1	80.334	100	539	543	539	917	0.0
ALE36853.1	ADB09236.1	79.777	100	539	543	539	913	0.0
ALE36853.1	QCZ47082.1	72.913	100	539	540	539	828	0.0
ALE36853.1	QCZ54377.1	72.727	100	539	540	539	825	0.0
ALE36853.1	CBL10126.1	72.913	100	539	540	539	819	0.0
ALE36853.1	CBL13352.1	72.727	100	539	540	539	818	0.0
ALE36853.1	ABX75762.2	71.881	99	539	559	537	817	0.0
ALE36853.1	QNT21370.1	71.136	99	539	559	537	810	0.0
ALE36853.1	QBZ05673.1	72.376	100	539	562	543	809	0.0
ALE36853.1	AAK05603.1	70.950	99	539	559	537	808	0.0
ALE36853.1	ALI32240.1	71.823	100	539	562	543	805	0.0
ALE36853.1	QDI10504.1	70.205	99	539	559	537	791	0.0
ALE36853.1	VDZ59395.1	69.646	99	539	559	537	785	0.0
ALE36853.1	SQJ12668.1	69.274	99	539	559	537	783	0.0
ALE36853.1	BBQ91616.1	69.088	99	539	559	537	781	0.0
ALE36853.1	SQI91192.1	68.343	99	539	559	537	777	0.0
ALE36853.1	ACA81905.1	68.877	100	539	562	543	774	0.0
ALE36853.1	SFZ86993.1	67.904	100	539	539	539	774	0.0
ALE36853.1	QIF87838.1	68.343	99	539	559	537	773	0.0
ALE36853.1	VEC60993.1	67.970	99	539	559	537	770	0.0
ALE36853.1	QOV58171.1	68.156	99	539	559	537	770	0.0
ALE36853.1	ACI06688.1	68.156	99	539	559	537	769	0.0
ALE36853.1	VTP65858.1	67.910	99	539	559	536	766	0.0
ALE36853.1	VEI66908.1	68.097	99	539	559	536	766	0.0
ALE36853.1	CAE1148859.1	67.910	99	539	559	536	765	0.0
ALE36853.1	VEA69500.1	67.537	99	539	559	536	761	0.0
ALE36853.1	AOT56963.1	68.140	100	539	562	543	760	0.0
ALE36853.1	VEI47713.1	69.975	74	539	460	403	579	0.0
ADB09236.1	ADB09236.1	100.000	100	543	543	543	1128	0.0
ADB09236.1	QHB62214.1	89.094	99	543	543	541	1014	0.0
ADB09236.1	CBK69950.1	80.148	99	543	539	539	916	0.0
ADB09236.1	ALE36853.1	79.777	99	543	539	539	913	0.0
ADB09236.1	ASW23510.1	76.340	99	543	541	541	868	0.0
ADB09236.1	AEK29976.1	76.340	99	543	541	541	866	0.0
ADB09236.1	ACL29336.1	76.340	99	543	541	541	866	0.0
ADB09236.1	QCZ47082.1	71.719	99	543	540	541	822	0.0
ADB09236.1	QCZ54377.1	71.719	99	543	540	541	821	0.0
ADB09236.1	CBL10126.1	72.356	99	543	540	539	808	0.0
ADB09236.1	CBL13352.1	72.356	99	543	540	539	808	0.0
ADB09236.1	ABX75762.2	70.872	99	543	559	539	804	0.0
ADB09236.1	AAK05603.1	70.130	99	543	559	539	797	0.0
ADB09236.1	QNT21370.1	70.130	99	543	559	539	796	0.0
ADB09236.1	SQJ12668.1	69.630	99	543	559	540	789	0.0
ADB09236.1	SQI91192.1	69.630	99	543	559	540	786	0.0
ADB09236.1	QBZ05673.1	69.287	100	543	562	547	783	0.0
ADB09236.1	VDZ59395.1	69.074	99	543	559	540	783	0.0
ADB09236.1	QDI10504.1	68.889	99	543	559	540	782	0.0
ADB09236.1	ALI32240.1	69.287	100	543	562	547	781	0.0
ADB09236.1	SFZ86993.1	68.089	99	543	539	539	779	0.0
ADB09236.1	BBQ91616.1	67.963	99	543	559	540	774	0.0
ADB09236.1	VTP65858.1	67.407	99	543	559	540	770	0.0
ADB09236.1	VEI66908.1	67.593	99	543	559	540	770	0.0
ADB09236.1	CAE1148859.1	67.593	99	543	559	540	769	0.0
ADB09236.1	QOV58171.1	68.275	99	543	559	539	768	0.0
ADB09236.1	ACI06688.1	68.148	99	543	559	540	768	0.0
ADB09236.1	QIF87838.1	68.275	99	543	559	539	767	0.0
ADB09236.1	VEC60993.1	68.089	99	543	559	539	767	0.0
ADB09236.1	VEA69500.1	66.852	99	543	559	540	763	0.0
ADB09236.1	ACA81905.1	65.814	100	543	562	547	747	0.0
ADB09236.1	AOT56963.1	65.872	99	543	562	545	743	0.0
ADB09236.1	VEI47713.1	65.185	74	543	460	405	543	0.0
ACL29336.1	AEK29976.1	100.000	100	541	541	541	1121	0.0
ACL29336.1	ACL29336.1	100.000	100	541	541	541	1121	0.0
ACL29336.1	ASW23510.1	99.630	100	541	541	541	1117	0.0
ACL29336.1	ALE36853.1	80.148	99	541	539	539	922	0.0
ACL29336.1	CBK69950.1	79.221	99	541	539	539	912	0.0
ACL29336.1	QHB62214.1	78.928	100	541	543	541	897	0.0
ACL29336.1	ADB09236.1	76.340	100	541	543	541	866	0.0
ACL29336.1	CBL10126.1	73.469	99	541	540	539	836	0.0
ACL29336.1	ABX75762.2	72.356	99	541	559	539	835	0.0
ACL29336.1	CBL13352.1	73.098	99	541	540	539	833	0.0
ACL29336.1	QNT21370.1	71.800	99	541	559	539	832	0.0
ACL29336.1	AAK05603.1	71.614	99	541	559	539	831	0.0
ACL29336.1	QCZ47082.1	71.904	100	541	540	541	821	0.0
ACL29336.1	QCZ54377.1	71.719	100	541	540	541	820	0.0
ACL29336.1	QDI10504.1	70.686	99	541	559	539	807	0.0
ACL29336.1	QBZ05673.1	70.459	100	541	562	545	803	0.0
ACL29336.1	VDZ59395.1	70.315	99	541	559	539	801	0.0
ACL29336.1	ALI32240.1	70.275	100	541	562	545	800	0.0
ACL29336.1	BBQ91616.1	69.759	99	541	559	539	797	0.0
ACL29336.1	SQJ12668.1	69.573	99	541	559	539	796	0.0
ACL29336.1	SQI91192.1	69.944	99	541	559	539	791	0.0
ACL29336.1	QIF87838.1	69.388	99	541	559	539	787	0.0
ACL29336.1	VTP65858.1	68.657	99	541	559	536	787	0.0
ACL29336.1	QOV58171.1	69.202	99	541	559	539	787	0.0
ACL29336.1	ACA81905.1	68.991	100	541	562	545	786	0.0
ACL29336.1	CAE1148859.1	68.470	99	541	559	536	786	0.0
ACL29336.1	VEI66908.1	68.470	99	541	559	536	786	0.0
ACL29336.1	ACI06688.1	69.202	99	541	559	539	786	0.0
ACL29336.1	SFZ86993.1	67.904	99	541	539	539	785	0.0
ACL29336.1	VEC60993.1	68.831	99	541	559	539	785	0.0
ACL29336.1	VEA69500.1	68.284	99	541	559	536	783	0.0
ACL29336.1	AOT56963.1	67.523	100	541	562	545	772	0.0
ACL29336.1	VEI47713.1	68.395	74	541	460	405	578	0.0
AEK29976.1	AEK29976.1	100.000	100	541	541	541	1121	0.0
AEK29976.1	ACL29336.1	100.000	100	541	541	541	1121	0.0
AEK29976.1	ASW23510.1	99.630	100	541	541	541	1117	0.0
AEK29976.1	ALE36853.1	80.148	99	541	539	539	922	0.0
AEK29976.1	CBK69950.1	79.221	99	541	539	539	912	0.0
AEK29976.1	QHB62214.1	78.928	100	541	543	541	897	0.0
AEK29976.1	ADB09236.1	76.340	100	541	543	541	866	0.0
AEK29976.1	CBL10126.1	73.469	99	541	540	539	836	0.0
AEK29976.1	ABX75762.2	72.356	99	541	559	539	835	0.0
AEK29976.1	CBL13352.1	73.098	99	541	540	539	833	0.0
AEK29976.1	QNT21370.1	71.800	99	541	559	539	832	0.0
AEK29976.1	AAK05603.1	71.614	99	541	559	539	831	0.0
AEK29976.1	QCZ47082.1	71.904	100	541	540	541	821	0.0
AEK29976.1	QCZ54377.1	71.719	100	541	540	541	820	0.0
AEK29976.1	QDI10504.1	70.686	99	541	559	539	807	0.0
AEK29976.1	QBZ05673.1	70.459	100	541	562	545	803	0.0
AEK29976.1	VDZ59395.1	70.315	99	541	559	539	801	0.0
AEK29976.1	ALI32240.1	70.275	100	541	562	545	800	0.0
AEK29976.1	BBQ91616.1	69.759	99	541	559	539	797	0.0
AEK29976.1	SQJ12668.1	69.573	99	541	559	539	796	0.0
AEK29976.1	SQI91192.1	69.944	99	541	559	539	791	0.0
AEK29976.1	QIF87838.1	69.388	99	541	559	539	787	0.0
AEK29976.1	VTP65858.1	68.657	99	541	559	536	787	0.0
AEK29976.1	QOV58171.1	69.202	99	541	559	539	787	0.0
AEK29976.1	ACA81905.1	68.991	100	541	562	545	786	0.0
AEK29976.1	CAE1148859.1	68.470	99	541	559	536	786	0.0
AEK29976.1	VEI66908.1	68.470	99	541	559	536	786	0.0
AEK29976.1	ACI06688.1	69.202	99	541	559	539	786	0.0
AEK29976.1	SFZ86993.1	67.904	99	541	539	539	785	0.0
AEK29976.1	VEC60993.1	68.831	99	541	559	539	785	0.0
AEK29976.1	VEA69500.1	68.284	99	541	559	536	783	0.0
AEK29976.1	AOT56963.1	67.523	100	541	562	545	772	0.0
AEK29976.1	VEI47713.1	68.395	74	541	460	405	578	0.0
QOV58171.1	QOV58171.1	100.000	100	559	559	559	1154	0.0
QOV58171.1	ACI06688.1	99.463	100	559	559	559	1147	0.0
QOV58171.1	QIF87838.1	99.106	100	559	559	559	1144	0.0
QOV58171.1	VEC60993.1	98.927	100	559	559	559	1143	0.0
QOV58171.1	SQI91192.1	90.844	99	559	559	557	1062	0.0
QOV58171.1	QDI10504.1	89.767	99	559	559	557	1049	0.0
QOV58171.1	BBQ91616.1	89.587	99	559	559	557	1048	0.0
QOV58171.1	SQJ12668.1	87.433	99	559	559	557	1027	0.0
QOV58171.1	VDZ59395.1	87.433	99	559	559	557	1023	0.0
QOV58171.1	VEI66908.1	86.535	99	559	559	557	1013	0.0
QOV58171.1	VEA69500.1	86.355	99	559	559	557	1013	0.0
QOV58171.1	VTP65858.1	86.355	99	559	559	557	1012	0.0
QOV58171.1	CAE1148859.1	86.535	99	559	559	557	1011	0.0
QOV58171.1	ABX75762.2	82.047	99	559	559	557	961	0.0
QOV58171.1	QNT21370.1	81.867	99	559	559	557	960	0.0
QOV58171.1	AAK05603.1	81.688	99	559	559	557	958	0.0
QOV58171.1	CBL10126.1	78.664	96	559	540	539	897	0.0
QOV58171.1	CBL13352.1	78.479	96	559	540	539	895	0.0
QOV58171.1	QBZ05673.1	74.194	99	559	562	558	867	0.0
QOV58171.1	ALI32240.1	74.194	99	559	562	558	866	0.0
QOV58171.1	QCZ47082.1	74.721	96	559	540	538	855	0.0
QOV58171.1	QCZ54377.1	74.535	96	559	540	538	852	0.0
QOV58171.1	SFZ86993.1	74.440	96	559	539	536	841	0.0
QOV58171.1	AOT56963.1	72.043	99	559	562	558	837	0.0
QOV58171.1	ACA81905.1	70.968	99	559	562	558	822	0.0
QOV58171.1	AEK29976.1	69.202	96	559	541	539	787	0.0
QOV58171.1	ACL29336.1	69.202	96	559	541	539	787	0.0
QOV58171.1	QHB62214.1	69.388	96	559	543	539	785	0.0
QOV58171.1	ASW23510.1	69.017	96	559	541	539	785	0.0
QOV58171.1	ALE36853.1	68.156	96	559	539	537	770	0.0
QOV58171.1	ADB09236.1	68.275	96	559	543	539	768	0.0
QOV58171.1	CBK69950.1	67.970	96	559	539	537	765	0.0
QOV58171.1	VEI47713.1	72.530	74	559	460	415	630	0.0
BBQ91616.1	BBQ91616.1	100.000	100	559	559	559	1155	0.0
BBQ91616.1	QDI10504.1	96.959	100	559	559	559	1132	0.0
BBQ91616.1	SQJ12668.1	89.982	100	559	559	559	1058	0.0
BBQ91616.1	SQI91192.1	90.305	99	559	559	557	1052	0.0
BBQ91616.1	VDZ59395.1	89.803	100	559	559	559	1051	0.0
BBQ91616.1	VEC60993.1	89.767	99	559	559	557	1051	0.0
BBQ91616.1	ACI06688.1	89.767	99	559	559	557	1050	0.0
BBQ91616.1	QIF87838.1	89.408	99	559	559	557	1049	0.0
BBQ91616.1	QOV58171.1	89.587	99	559	559	557	1048	0.0
BBQ91616.1	VEI66908.1	87.835	100	559	559	559	1041	0.0
BBQ91616.1	VTP65858.1	87.657	100	559	559	559	1040	0.0
BBQ91616.1	CAE1148859.1	87.835	100	559	559	559	1040	0.0
BBQ91616.1	VEA69500.1	87.657	100	559	559	559	1039	0.0
BBQ91616.1	ABX75762.2	81.753	100	559	559	559	972	0.0
BBQ91616.1	QNT21370.1	81.574	100	559	559	559	971	0.0
BBQ91616.1	AAK05603.1	81.395	100	559	559	559	970	0.0
BBQ91616.1	CBL10126.1	79.035	96	559	540	539	907	0.0
BBQ91616.1	CBL13352.1	78.850	96	559	540	539	904	0.0
BBQ91616.1	QBZ05673.1	75.313	99	559	562	559	882	0.0
BBQ91616.1	ALI32240.1	74.955	99	559	562	559	878	0.0
BBQ91616.1	QCZ47082.1	75.836	96	559	540	538	865	0.0
BBQ91616.1	QCZ54377.1	75.651	96	559	540	538	862	0.0
BBQ91616.1	AOT56963.1	72.272	99	559	562	559	849	0.0
BBQ91616.1	SFZ86993.1	75.373	96	559	539	536	847	0.0
BBQ91616.1	ACA81905.1	72.093	99	559	562	559	836	0.0
BBQ91616.1	QHB62214.1	70.686	96	559	543	539	797	0.0
BBQ91616.1	AEK29976.1	69.759	96	559	541	539	797	0.0
BBQ91616.1	ACL29336.1	69.759	96	559	541	539	797	0.0
BBQ91616.1	ASW23510.1	69.759	96	559	541	539	797	0.0
BBQ91616.1	ALE36853.1	69.088	96	559	539	537	781	0.0
BBQ91616.1	CBK69950.1	69.088	96	559	539	537	779	0.0
BBQ91616.1	ADB09236.1	67.963	96	559	543	540	774	0.0
BBQ91616.1	VEI47713.1	72.048	74	559	460	415	629	0.0
QNT21370.1	QNT21370.1	100.000	100	559	559	559	1155	0.0
QNT21370.1	AAK05603.1	99.821	100	559	559	559	1154	0.0
QNT21370.1	ABX75762.2	98.211	100	559	559	559	1138	0.0
QNT21370.1	QDI10504.1	82.469	100	559	559	559	980	0.0
QNT21370.1	VTP65858.1	82.469	100	559	559	559	979	0.0
QNT21370.1	VEI66908.1	82.290	100	559	559	559	977	0.0
QNT21370.1	VEA69500.1	82.469	100	559	559	559	977	0.0
QNT21370.1	CAE1148859.1	82.290	100	559	559	559	976	0.0
QNT21370.1	BBQ91616.1	81.574	100	559	559	559	971	0.0
QNT21370.1	VDZ59395.1	82.111	100	559	559	559	970	0.0
QNT21370.1	SQJ12668.1	82.290	100	559	559	559	969	0.0
QNT21370.1	QIF87838.1	82.226	99	559	559	557	963	0.0
QNT21370.1	ACI06688.1	82.047	99	559	559	557	961	0.0
QNT21370.1	QOV58171.1	81.867	99	559	559	557	960	0.0
QNT21370.1	VEC60993.1	81.688	99	559	559	557	959	0.0
QNT21370.1	SQI91192.1	80.969	99	559	559	557	951	0.0
QNT21370.1	QCZ47082.1	79.182	96	559	540	538	906	0.0
QNT21370.1	ALI32240.1	77.102	99	559	562	559	905	0.0
QNT21370.1	QBZ05673.1	76.923	99	559	562	559	904	0.0
QNT21370.1	CBL10126.1	78.664	96	559	540	539	904	0.0
QNT21370.1	QCZ54377.1	78.996	96	559	540	538	904	0.0
QNT21370.1	CBL13352.1	78.479	96	559	540	539	902	0.0
QNT21370.1	AOT56963.1	72.809	99	559	562	559	862	0.0
QNT21370.1	SFZ86993.1	74.813	96	559	539	536	849	0.0
QNT21370.1	ACA81905.1	71.735	99	559	562	559	843	0.0
QNT21370.1	AEK29976.1	71.800	96	559	541	539	832	0.0
QNT21370.1	ACL29336.1	71.800	96	559	541	539	832	0.0
QNT21370.1	ASW23510.1	71.614	96	559	541	539	830	0.0
QNT21370.1	QHB62214.1	71.614	96	559	543	539	813	0.0
QNT21370.1	ALE36853.1	71.136	96	559	539	537	810	0.0
QNT21370.1	CBK69950.1	70.577	96	559	539	537	804	0.0
QNT21370.1	ADB09236.1	70.130	96	559	543	539	796	0.0
QNT21370.1	VEI47713.1	76.627	74	559	460	415	664	0.0
VEI47713.1	VEI47713.1	100.000	100	460	460	460	963	0.0
VEI47713.1	QBZ05673.1	84.819	90	460	562	415	746	0.0
VEI47713.1	ALI32240.1	84.819	90	460	562	415	744	0.0
VEI47713.1	AOT56963.1	78.795	90	460	562	415	692	0.0
VEI47713.1	ACA81905.1	77.108	90	460	562	415	680	0.0
VEI47713.1	ABX75762.2	77.108	90	460	559	415	665	0.0
VEI47713.1	QNT21370.1	76.627	90	460	559	415	664	0.0
VEI47713.1	AAK05603.1	76.386	90	460	559	415	663	0.0
VEI47713.1	VDZ59395.1	73.735	90	460	559	415	639	0.0
VEI47713.1	QDI10504.1	72.530	90	460	559	415	633	0.0
VEI47713.1	QIF87838.1	72.771	90	460	559	415	632	0.0
VEI47713.1	SQJ12668.1	73.494	90	460	559	415	632	0.0
VEI47713.1	ACI06688.1	72.771	90	460	559	415	631	0.0
VEI47713.1	QOV58171.1	72.530	90	460	559	415	630	0.0
VEI47713.1	VEC60993.1	72.289	90	460	559	415	629	0.0
VEI47713.1	BBQ91616.1	72.048	90	460	559	415	629	0.0
VEI47713.1	QCZ47082.1	73.020	88	460	540	404	628	0.0
VEI47713.1	QCZ54377.1	72.772	88	460	540	404	625	0.0
VEI47713.1	CAE1148859.1	72.048	90	460	559	415	625	0.0
VEI47713.1	VEI66908.1	72.048	90	460	559	415	625	0.0
VEI47713.1	VTP65858.1	71.807	90	460	559	415	625	0.0
VEI47713.1	VEA69500.1	71.807	90	460	559	415	624	0.0
VEI47713.1	SQI91192.1	71.084	90	460	559	415	620	0.0
VEI47713.1	CBL10126.1	70.968	87	460	540	403	604	0.0
VEI47713.1	CBL10126.1	50.000	87	460	540	24	20.0	5.6
VEI47713.1	CBL13352.1	70.720	87	460	540	403	602	0.0
VEI47713.1	CBL13352.1	50.000	87	460	540	24	20.4	5.5
VEI47713.1	ALE36853.1	69.975	87	460	539	403	579	0.0
VEI47713.1	ASW23510.1	68.395	88	460	541	405	579	0.0
VEI47713.1	AEK29976.1	68.395	88	460	541	405	578	0.0
VEI47713.1	ACL29336.1	68.395	88	460	541	405	578	0.0
VEI47713.1	SFZ86993.1	68.657	87	460	539	402	576	0.0
VEI47713.1	CBK69950.1	69.479	87	460	539	403	575	0.0
VEI47713.1	QHB62214.1	67.076	88	460	543	407	558	0.0
VEI47713.1	ADB09236.1	65.185	88	460	543	405	543	0.0
VDZ59395.1	VDZ59395.1	100.000	100	559	559	559	1156	0.0
VDZ59395.1	SQJ12668.1	91.771	100	559	559	559	1066	0.0
VDZ59395.1	QDI10504.1	90.340	100	559	559	559	1055	0.0
VDZ59395.1	VTP65858.1	90.519	100	559	559	559	1055	0.0
VDZ59395.1	VEA69500.1	90.340	100	559	559	559	1053	0.0
VDZ59395.1	VEI66908.1	90.340	100	559	559	559	1053	0.0
VDZ59395.1	CAE1148859.1	90.340	100	559	559	559	1052	0.0
VDZ59395.1	BBQ91616.1	89.803	100	559	559	559	1051	0.0
VDZ59395.1	SQI91192.1	88.330	99	559	559	557	1031	0.0
VDZ59395.1	QIF87838.1	87.433	99	559	559	557	1025	0.0
VDZ59395.1	ACI06688.1	87.433	99	559	559	557	1024	0.0
VDZ59395.1	VEC60993.1	87.253	99	559	559	557	1023	0.0
VDZ59395.1	QOV58171.1	87.433	99	559	559	557	1023	0.0
VDZ59395.1	ABX75762.2	82.290	100	559	559	559	970	0.0
VDZ59395.1	QNT21370.1	82.111	100	559	559	559	970	0.0
VDZ59395.1	AAK05603.1	81.932	100	559	559	559	969	0.0
VDZ59395.1	CBL10126.1	77.365	96	559	540	539	888	0.0
VDZ59395.1	CBL13352.1	77.180	96	559	540	539	885	0.0
VDZ59395.1	QBZ05673.1	75.492	99	559	562	559	881	0.0
VDZ59395.1	ALI32240.1	75.134	99	559	562	559	876	0.0
VDZ59395.1	QCZ47082.1	75.836	96	559	540	538	864	0.0
VDZ59395.1	QCZ54377.1	75.651	96	559	540	538	862	0.0
VDZ59395.1	AOT56963.1	71.914	99	559	562	559	838	0.0
VDZ59395.1	SFZ86993.1	73.881	96	559	539	536	837	0.0
VDZ59395.1	ACA81905.1	70.662	99	559	562	559	822	0.0
VDZ59395.1	AEK29976.1	70.315	96	559	541	539	801	0.0
VDZ59395.1	ACL29336.1	70.315	96	559	541	539	801	0.0
VDZ59395.1	ASW23510.1	70.315	96	559	541	539	801	0.0
VDZ59395.1	QHB62214.1	70.185	96	559	543	540	792	0.0
VDZ59395.1	ALE36853.1	69.646	96	559	539	537	785	0.0
VDZ59395.1	ADB09236.1	69.074	96	559	543	540	783	0.0
VDZ59395.1	CBK69950.1	69.274	96	559	539	537	780	0.0
VDZ59395.1	VEI47713.1	73.735	74	559	460	415	639	0.0
QBZ05673.1	QBZ05673.1	100.000	100	562	562	562	1155	0.0
QBZ05673.1	ALI32240.1	98.754	100	562	562	562	1145	0.0
QBZ05673.1	AOT56963.1	84.492	99	562	562	561	997	0.0
QBZ05673.1	ACA81905.1	81.105	99	562	562	561	957	0.0
QBZ05673.1	ABX75762.2	77.281	99	562	559	559	907	0.0
QBZ05673.1	QNT21370.1	76.923	99	562	559	559	904	0.0
QBZ05673.1	AAK05603.1	76.744	99	562	559	559	903	0.0
QBZ05673.1	QDI10504.1	75.671	99	562	559	559	886	0.0
QBZ05673.1	CAE1148859.1	75.313	99	562	559	559	884	0.0
QBZ05673.1	VEI66908.1	75.313	99	562	559	559	884	0.0
QBZ05673.1	VTP65858.1	75.134	99	562	559	559	884	0.0
QBZ05673.1	BBQ91616.1	75.313	99	562	559	559	882	0.0
QBZ05673.1	VEA69500.1	74.955	99	562	559	559	881	0.0
QBZ05673.1	VDZ59395.1	75.492	99	562	559	559	881	0.0
QBZ05673.1	SQJ12668.1	75.134	99	562	559	559	874	0.0
QBZ05673.1	QCZ47082.1	76.654	97	562	540	544	871	0.0
QBZ05673.1	CBL10126.1	76.243	96	562	540	543	869	0.0
QBZ05673.1	CBL13352.1	76.243	96	562	540	543	869	0.0
QBZ05673.1	QIF87838.1	74.552	99	562	559	558	869	0.0
QBZ05673.1	QCZ54377.1	76.471	97	562	540	544	868	0.0
QBZ05673.1	QOV58171.1	74.194	99	562	559	558	867	0.0
QBZ05673.1	VEC60993.1	74.194	99	562	559	558	867	0.0
QBZ05673.1	ACI06688.1	74.373	99	562	559	558	866	0.0
QBZ05673.1	SQI91192.1	73.835	99	562	559	558	860	0.0
QBZ05673.1	SFZ86993.1	72.509	96	562	539	542	826	0.0
QBZ05673.1	ALE36853.1	72.376	96	562	539	543	809	0.0
QBZ05673.1	QHB62214.1	71.298	97	562	543	547	807	0.0
QBZ05673.1	AEK29976.1	70.459	97	562	541	545	803	0.0
QBZ05673.1	ACL29336.1	70.459	97	562	541	545	803	0.0
QBZ05673.1	ASW23510.1	70.275	97	562	541	545	803	0.0
QBZ05673.1	CBK69950.1	71.823	96	562	539	543	801	0.0
QBZ05673.1	ADB09236.1	69.287	97	562	543	547	783	0.0
QBZ05673.1	VEI47713.1	84.819	74	562	460	415	746	0.0
ALI32240.1	ALI32240.1	100.000	100	562	562	562	1156	0.0
ALI32240.1	QBZ05673.1	98.754	100	562	562	562	1145	0.0
ALI32240.1	AOT56963.1	84.314	99	562	562	561	995	0.0
ALI32240.1	ACA81905.1	80.749	99	562	562	561	954	0.0
ALI32240.1	ABX75762.2	77.460	99	562	559	559	908	0.0
ALI32240.1	QNT21370.1	77.102	99	562	559	559	905	0.0
ALI32240.1	AAK05603.1	76.923	99	562	559	559	904	0.0
ALI32240.1	QDI10504.1	75.671	99	562	559	559	885	0.0
ALI32240.1	CAE1148859.1	74.955	99	562	559	559	879	0.0
ALI32240.1	VTP65858.1	74.776	99	562	559	559	879	0.0
ALI32240.1	VEI66908.1	74.955	99	562	559	559	879	0.0
ALI32240.1	BBQ91616.1	74.955	99	562	559	559	878	0.0
ALI32240.1	VDZ59395.1	75.134	99	562	559	559	876	0.0
ALI32240.1	VEA69500.1	74.597	99	562	559	559	876	0.0
ALI32240.1	SQJ12668.1	74.955	99	562	559	559	871	0.0
ALI32240.1	QCZ47082.1	76.838	97	562	540	544	870	0.0
ALI32240.1	QCZ54377.1	76.654	97	562	540	544	868	0.0
ALI32240.1	QIF87838.1	74.552	99	562	559	558	868	0.0
ALI32240.1	QOV58171.1	74.194	99	562	559	558	866	0.0
ALI32240.1	VEC60993.1	74.194	99	562	559	558	865	0.0
ALI32240.1	ACI06688.1	74.373	99	562	559	558	865	0.0
ALI32240.1	CBL10126.1	75.875	96	562	540	543	865	0.0
ALI32240.1	CBL13352.1	75.875	96	562	540	543	865	0.0
ALI32240.1	SQI91192.1	73.835	99	562	559	558	859	0.0
ALI32240.1	SFZ86993.1	72.140	96	562	539	542	819	0.0
ALI32240.1	QHB62214.1	71.481	97	562	543	547	807	0.0
ALI32240.1	ALE36853.1	71.823	96	562	539	543	805	0.0
ALI32240.1	AEK29976.1	70.275	97	562	541	545	800	0.0
ALI32240.1	ACL29336.1	70.275	97	562	541	545	800	0.0
ALI32240.1	ASW23510.1	70.092	97	562	541	545	799	0.0
ALI32240.1	CBK69950.1	71.455	96	562	539	543	798	0.0
ALI32240.1	ADB09236.1	69.287	97	562	543	547	781	0.0
ALI32240.1	VEI47713.1	84.819	74	562	460	415	744	0.0
ABX75762.2	ABX75762.2	100.000	100	559	559	559	1154	0.0
ABX75762.2	QNT21370.1	98.211	100	559	559	559	1138	0.0
ABX75762.2	AAK05603.1	98.032	100	559	559	559	1136	0.0
ABX75762.2	QDI10504.1	82.648	100	559	559	559	981	0.0
ABX75762.2	VTP65858.1	82.290	100	559	559	559	976	0.0
ABX75762.2	VEI66908.1	82.290	100	559	559	559	976	0.0
ABX75762.2	CAE1148859.1	82.290	100	559	559	559	974	0.0
ABX75762.2	BBQ91616.1	81.753	100	559	559	559	972	0.0
ABX75762.2	VEA69500.1	81.932	100	559	559	559	972	0.0
ABX75762.2	VDZ59395.1	82.290	100	559	559	559	970	0.0
ABX75762.2	SQJ12668.1	82.648	100	559	559	559	970	0.0
ABX75762.2	QIF87838.1	82.406	99	559	559	557	964	0.0
ABX75762.2	ACI06688.1	82.226	99	559	559	557	962	0.0
ABX75762.2	QOV58171.1	82.047	99	559	559	557	961	0.0
ABX75762.2	VEC60993.1	81.867	99	559	559	557	961	0.0
ABX75762.2	SQI91192.1	81.149	99	559	559	557	951	0.0
ABX75762.2	ALI32240.1	77.460	99	559	562	559	908	0.0
ABX75762.2	CBL10126.1	79.035	96	559	540	539	907	0.0
ABX75762.2	QBZ05673.1	77.281	99	559	562	559	907	0.0
ABX75762.2	CBL13352.1	78.850	96	559	540	539	906	0.0
ABX75762.2	QCZ47082.1	78.810	96	559	540	538	903	0.0
ABX75762.2	QCZ54377.1	78.625	96	559	540	538	900	0.0
ABX75762.2	AOT56963.1	73.524	99	559	562	559	868	0.0
ABX75762.2	SFZ86993.1	74.627	96	559	539	536	846	0.0
ABX75762.2	ACA81905.1	71.914	99	559	562	559	844	0.0
ABX75762.2	AEK29976.1	72.356	96	559	541	539	835	0.0
ABX75762.2	ACL29336.1	72.356	96	559	541	539	835	0.0
ABX75762.2	ASW23510.1	72.171	96	559	541	539	834	0.0
ABX75762.2	ALE36853.1	71.881	96	559	539	537	817	0.0
ABX75762.2	QHB62214.1	72.356	96	559	543	539	816	0.0
ABX75762.2	CBK69950.1	71.322	96	559	539	537	811	0.0
ABX75762.2	ADB09236.1	70.872	96	559	543	539	804	0.0
ABX75762.2	VEI47713.1	77.108	74	559	460	415	665	0.0
QDI10504.1	QDI10504.1	100.000	100	559	559	559	1154	0.0
QDI10504.1	BBQ91616.1	96.959	100	559	559	559	1132	0.0
QDI10504.1	SQI91192.1	90.844	99	559	559	557	1056	0.0
QDI10504.1	VDZ59395.1	90.340	100	559	559	559	1055	0.0
QDI10504.1	SQJ12668.1	89.803	100	559	559	559	1055	0.0
QDI10504.1	ACI06688.1	89.946	99	559	559	557	1051	0.0
QDI10504.1	QIF87838.1	89.767	99	559	559	557	1050	0.0
QDI10504.1	VEC60993.1	89.767	99	559	559	557	1050	0.0
QDI10504.1	QOV58171.1	89.767	99	559	559	557	1049	0.0
QDI10504.1	VTP65858.1	88.372	100	559	559	559	1044	0.0
QDI10504.1	VEI66908.1	88.551	100	559	559	559	1044	0.0
QDI10504.1	CAE1148859.1	88.193	100	559	559	559	1041	0.0
QDI10504.1	VEA69500.1	88.014	100	559	559	559	1041	0.0
QDI10504.1	AAK05603.1	82.648	100	559	559	559	981	0.0
QDI10504.1	ABX75762.2	82.648	100	559	559	559	981	0.0
QDI10504.1	QNT21370.1	82.469	100	559	559	559	980	0.0
QDI10504.1	CBL10126.1	79.035	96	559	540	539	906	0.0
QDI10504.1	CBL13352.1	78.850	96	559	540	539	904	0.0
QDI10504.1	QBZ05673.1	75.671	99	559	562	559	886	0.0
QDI10504.1	ALI32240.1	75.671	99	559	562	559	885	0.0
QDI10504.1	QCZ47082.1	76.208	96	559	540	538	870	0.0
QDI10504.1	QCZ54377.1	76.022	96	559	540	538	867	0.0
QDI10504.1	AOT56963.1	72.987	99	559	562	559	853	0.0
QDI10504.1	SFZ86993.1	75.187	96	559	539	536	845	0.0
QDI10504.1	ACA81905.1	72.451	99	559	562	559	838	0.0
QDI10504.1	AEK29976.1	70.686	96	559	541	539	807	0.0
QDI10504.1	ACL29336.1	70.686	96	559	541	539	807	0.0
QDI10504.1	ASW23510.1	70.686	96	559	541	539	807	0.0
QDI10504.1	QHB62214.1	71.243	96	559	543	539	805	0.0
QDI10504.1	ALE36853.1	70.205	96	559	539	537	791	0.0
QDI10504.1	CBK69950.1	70.205	96	559	539	537	790	0.0
QDI10504.1	ADB09236.1	68.889	96	559	543	540	782	0.0
QDI10504.1	VEI47713.1	72.530	74	559	460	415	633	0.0
VTP65858.1	VTP65858.1	100.000	100	559	559	559	1156	0.0
VTP65858.1	VEI66908.1	99.284	100	559	559	559	1150	0.0
VTP65858.1	VEA69500.1	99.106	100	559	559	559	1148	0.0
VTP65858.1	CAE1148859.1	98.748	100	559	559	559	1146	0.0
VTP65858.1	SQJ12668.1	91.950	100	559	559	559	1073	0.0
VTP65858.1	VDZ59395.1	90.519	100	559	559	559	1055	0.0
VTP65858.1	QDI10504.1	88.372	100	559	559	559	1044	0.0
VTP65858.1	BBQ91616.1	87.657	100	559	559	559	1040	0.0
VTP65858.1	ACI06688.1	86.715	99	559	559	557	1016	0.0
VTP65858.1	QIF87838.1	86.535	99	559	559	557	1015	0.0
VTP65858.1	VEC60993.1	86.535	99	559	559	557	1014	0.0
VTP65858.1	QOV58171.1	86.355	99	559	559	557	1012	0.0
VTP65858.1	SQI91192.1	85.996	99	559	559	557	1006	0.0
VTP65858.1	AAK05603.1	82.648	100	559	559	559	980	0.0
VTP65858.1	QNT21370.1	82.469	100	559	559	559	979	0.0
VTP65858.1	ABX75762.2	82.290	100	559	559	559	976	0.0
VTP65858.1	CBL10126.1	76.766	96	559	540	538	885	0.0
VTP65858.1	CBL13352.1	76.766	96	559	540	538	885	0.0
VTP65858.1	QBZ05673.1	75.134	99	559	562	559	884	0.0
VTP65858.1	ALI32240.1	74.776	99	559	562	559	879	0.0
VTP65858.1	QCZ47082.1	73.978	96	559	540	538	853	0.0
VTP65858.1	QCZ54377.1	73.792	96	559	540	538	851	0.0
VTP65858.1	AOT56963.1	72.630	99	559	562	559	850	0.0
VTP65858.1	SFZ86993.1	73.271	96	559	539	535	831	0.0
VTP65858.1	ACA81905.1	69.767	99	559	562	559	813	0.0
VTP65858.1	AEK29976.1	68.657	96	559	541	536	787	0.0
VTP65858.1	ACL29336.1	68.657	96	559	541	536	787	0.0
VTP65858.1	ASW23510.1	68.657	96	559	541	536	787	0.0
VTP65858.1	QHB62214.1	68.704	96	559	543	540	781	0.0
VTP65858.1	ADB09236.1	67.407	96	559	543	540	770	0.0
VTP65858.1	ALE36853.1	67.910	96	559	539	536	766	0.0
VTP65858.1	CBK69950.1	67.724	96	559	539	536	764	0.0
VTP65858.1	VEI47713.1	71.807	74	559	460	415	625	0.0
ACA81905.1	ACA81905.1	100.000	100	562	562	562	1160	0.0
ACA81905.1	AOT56963.1	82.028	100	562	562	562	976	0.0
ACA81905.1	QBZ05673.1	81.105	99	562	562	561	957	0.0
ACA81905.1	ALI32240.1	80.749	99	562	562	561	954	0.0
ACA81905.1	ABX75762.2	71.914	99	562	559	559	844	0.0
ACA81905.1	QNT21370.1	71.735	99	562	559	559	843	0.0
ACA81905.1	AAK05603.1	71.556	99	562	559	559	842	0.0
ACA81905.1	QDI10504.1	72.451	99	562	559	559	838	0.0
ACA81905.1	BBQ91616.1	72.093	99	562	559	559	836	0.0
ACA81905.1	SQJ12668.1	71.556	99	562	559	559	835	0.0
ACA81905.1	SQI91192.1	71.071	99	562	559	560	825	0.0
ACA81905.1	CBL10126.1	72.192	96	562	540	543	825	0.0
ACA81905.1	QIF87838.1	71.147	99	562	559	558	822	0.0
ACA81905.1	VDZ59395.1	70.662	99	562	559	559	822	0.0
ACA81905.1	QOV58171.1	70.968	99	562	559	558	822	0.0
ACA81905.1	ACI06688.1	70.968	99	562	559	558	821	0.0
ACA81905.1	QCZ47082.1	71.324	97	562	540	544	821	0.0
ACA81905.1	CBL13352.1	71.823	96	562	540	543	821	0.0
ACA81905.1	VEC60993.1	70.789	99	562	559	558	821	0.0
ACA81905.1	QCZ54377.1	71.140	97	562	540	544	818	0.0
ACA81905.1	VTP65858.1	69.767	99	562	559	559	813	0.0
ACA81905.1	VEI66908.1	69.589	99	562	559	559	812	0.0
ACA81905.1	CAE1148859.1	69.589	99	562	559	559	811	0.0
ACA81905.1	VEA69500.1	69.410	99	562	559	559	808	0.0
ACA81905.1	SFZ86993.1	68.819	96	562	539	542	789	0.0
ACA81905.1	AEK29976.1	68.991	97	562	541	545	786	0.0
ACA81905.1	ACL29336.1	68.991	97	562	541	545	786	0.0
ACA81905.1	ASW23510.1	68.807	97	562	541	545	786	0.0
ACA81905.1	ALE36853.1	68.877	96	562	539	543	774	0.0
ACA81905.1	CBK69950.1	68.140	96	562	539	543	763	0.0
ACA81905.1	QHB62214.1	66.789	97	562	543	545	763	0.0
ACA81905.1	ADB09236.1	65.814	97	562	543	547	747	0.0
ACA81905.1	VEI47713.1	77.108	74	562	460	415	680	0.0
QCZ54377.1	QCZ54377.1	100.000	100	540	540	540	1118	0.0
QCZ54377.1	QCZ47082.1	99.630	100	540	540	540	1115	0.0
QCZ54377.1	QNT21370.1	78.996	99	540	559	538	904	0.0
QCZ54377.1	AAK05603.1	78.810	99	540	559	538	903	0.0
QCZ54377.1	ABX75762.2	78.625	99	540	559	538	900	0.0
QCZ54377.1	SFZ86993.1	76.952	99	540	539	538	884	0.0
QCZ54377.1	CBL10126.1	75.836	99	540	540	538	874	0.0
QCZ54377.1	CBL13352.1	75.651	99	540	540	538	871	0.0
QCZ54377.1	QBZ05673.1	76.471	100	540	562	544	868	0.0
QCZ54377.1	ALI32240.1	76.654	100	540	562	544	868	0.0
QCZ54377.1	QDI10504.1	76.022	99	540	559	538	867	0.0
QCZ54377.1	BBQ91616.1	75.651	99	540	559	538	862	0.0
QCZ54377.1	VDZ59395.1	75.651	99	540	559	538	862	0.0
QCZ54377.1	QIF87838.1	74.907	99	540	559	538	857	0.0
QCZ54377.1	ACI06688.1	74.721	99	540	559	538	853	0.0
QCZ54377.1	VEC60993.1	74.349	99	540	559	538	853	0.0
QCZ54377.1	QOV58171.1	74.535	99	540	559	538	852	0.0
QCZ54377.1	CAE1148859.1	74.164	99	540	559	538	852	0.0
QCZ54377.1	SQJ12668.1	75.093	99	540	559	538	851	0.0
QCZ54377.1	VTP65858.1	73.792	99	540	559	538	851	0.0
QCZ54377.1	VEI66908.1	73.792	99	540	559	538	849	0.0
QCZ54377.1	VEA69500.1	73.792	99	540	559	538	849	0.0
QCZ54377.1	SQI91192.1	73.420	99	540	559	538	846	0.0
QCZ54377.1	ALE36853.1	72.727	99	540	539	539	825	0.0
QCZ54377.1	AOT56963.1	71.691	100	540	562	544	824	0.0
QCZ54377.1	CBK69950.1	72.542	99	540	539	539	822	0.0
QCZ54377.1	QHB62214.1	72.089	100	540	543	541	822	0.0
QCZ54377.1	ADB09236.1	71.719	100	540	543	541	821	0.0
QCZ54377.1	ASW23510.1	71.719	100	540	541	541	821	0.0
QCZ54377.1	AEK29976.1	71.719	100	540	541	541	820	0.0
QCZ54377.1	ACL29336.1	71.719	100	540	541	541	820	0.0
QCZ54377.1	ACA81905.1	71.140	100	540	562	544	818	0.0
QCZ54377.1	VEI47713.1	72.772	74	540	460	404	625	0.0
CBL13352.1	CBL13352.1	100.000	100	540	540	540	1121	0.0
CBL13352.1	CBL10126.1	99.630	100	540	540	540	1117	0.0
CBL13352.1	ABX75762.2	78.850	99	540	559	539	906	0.0
CBL13352.1	BBQ91616.1	78.850	99	540	559	539	904	0.0
CBL13352.1	QDI10504.1	78.850	99	540	559	539	904	0.0
CBL13352.1	QNT21370.1	78.479	99	540	559	539	902	0.0
CBL13352.1	AAK05603.1	78.293	99	540	559	539	900	0.0
CBL13352.1	ACI06688.1	78.479	99	540	559	539	895	0.0
CBL13352.1	QOV58171.1	78.479	99	540	559	539	895	0.0
CBL13352.1	SQJ12668.1	78.108	99	540	559	539	895	0.0
CBL13352.1	VEC60993.1	78.479	99	540	559	539	895	0.0
CBL13352.1	SQI91192.1	78.293	99	540	559	539	894	0.0
CBL13352.1	QIF87838.1	78.293	99	540	559	539	894	0.0
CBL13352.1	VEI66908.1	76.952	99	540	559	538	885	0.0
CBL13352.1	VTP65858.1	76.766	99	540	559	538	885	0.0
CBL13352.1	VDZ59395.1	77.180	99	540	559	539	885	0.0
CBL13352.1	CAE1148859.1	76.952	99	540	559	538	884	0.0
CBL13352.1	VEA69500.1	76.580	99	540	559	538	882	0.0
CBL13352.1	QCZ47082.1	75.836	99	540	540	538	874	0.0
CBL13352.1	QCZ54377.1	75.651	99	540	540	538	871	0.0
CBL13352.1	QBZ05673.1	76.243	99	540	562	543	869	0.0
CBL13352.1	ALI32240.1	75.875	99	540	562	543	865	0.0
CBL13352.1	SFZ86993.1	73.098	99	540	539	539	838	0.0
CBL13352.1	AEK29976.1	73.098	99	540	541	539	833	0.0
CBL13352.1	ACL29336.1	73.098	99	540	541	539	833	0.0
CBL13352.1	ASW23510.1	72.913	99	540	541	539	832	0.0
CBL13352.1	AOT56963.1	72.560	99	540	562	543	826	0.0
CBL13352.1	QHB62214.1	73.284	99	540	543	539	821	0.0
CBL13352.1	ACA81905.1	71.823	99	540	562	543	821	0.0
CBL13352.1	ALE36853.1	72.727	99	540	539	539	818	0.0
CBL13352.1	CBK69950.1	72.171	99	540	539	539	810	0.0
CBL13352.1	ADB09236.1	72.356	99	540	543	539	808	0.0
CBL13352.1	VEI47713.1	70.720	78	540	460	403	602	0.0
CBL13352.1	VEI47713.1	50.000	78	540	460	24	20.4	6.4
CBL10126.1	CBL10126.1	100.000	100	540	540	540	1120	0.0
CBL10126.1	CBL13352.1	99.630	100	540	540	540	1117	0.0
CBL10126.1	ABX75762.2	79.035	99	540	559	539	907	0.0
CBL10126.1	BBQ91616.1	79.035	99	540	559	539	907	0.0
CBL10126.1	QDI10504.1	79.035	99	540	559	539	906	0.0
CBL10126.1	QNT21370.1	78.664	99	540	559	539	904	0.0
CBL10126.1	AAK05603.1	78.479	99	540	559	539	902	0.0
CBL10126.1	VEC60993.1	78.664	99	540	559	539	897	0.0
CBL10126.1	QOV58171.1	78.664	99	540	559	539	897	0.0
CBL10126.1	SQI91192.1	78.479	99	540	559	539	897	0.0
CBL10126.1	SQJ12668.1	78.293	99	540	559	539	897	0.0
CBL10126.1	ACI06688.1	78.664	99	540	559	539	896	0.0
CBL10126.1	QIF87838.1	78.479	99	540	559	539	896	0.0
CBL10126.1	VDZ59395.1	77.365	99	540	559	539	888	0.0
CBL10126.1	VEI66908.1	76.952	99	540	559	538	885	0.0
CBL10126.1	VTP65858.1	76.766	99	540	559	538	885	0.0
CBL10126.1	CAE1148859.1	76.952	99	540	559	538	885	0.0
CBL10126.1	VEA69500.1	76.580	99	540	559	538	882	0.0
CBL10126.1	QCZ47082.1	76.022	99	540	540	538	876	0.0
CBL10126.1	QCZ54377.1	75.836	99	540	540	538	874	0.0
CBL10126.1	QBZ05673.1	76.243	99	540	562	543	869	0.0
CBL10126.1	ALI32240.1	75.875	99	540	562	543	865	0.0
CBL10126.1	SFZ86993.1	73.284	99	540	539	539	840	0.0
CBL10126.1	AEK29976.1	73.469	99	540	541	539	836	0.0
CBL10126.1	ACL29336.1	73.469	99	540	541	539	836	0.0
CBL10126.1	ASW23510.1	73.284	99	540	541	539	836	0.0
CBL10126.1	AOT56963.1	72.928	99	540	562	543	829	0.0
CBL10126.1	ACA81905.1	72.192	99	540	562	543	825	0.0
CBL10126.1	QHB62214.1	73.284	99	540	543	539	821	0.0
CBL10126.1	ALE36853.1	72.913	99	540	539	539	819	0.0
CBL10126.1	CBK69950.1	72.356	99	540	539	539	813	0.0
CBL10126.1	ADB09236.1	72.356	99	540	543	539	808	0.0
CBL10126.1	VEI47713.1	70.968	78	540	460	403	604	0.0
CBL10126.1	VEI47713.1	50.000	78	540	460	24	20.0	6.6
ACI06688.1	ACI06688.1	100.000	100	559	559	559	1152	0.0
ACI06688.1	QOV58171.1	99.463	100	559	559	559	1147	0.0
ACI06688.1	QIF87838.1	99.284	100	559	559	559	1145	0.0
ACI06688.1	VEC60993.1	99.106	100	559	559	559	1144	0.0
ACI06688.1	SQI91192.1	90.664	99	559	559	557	1061	0.0
ACI06688.1	QDI10504.1	89.946	99	559	559	557	1051	0.0
ACI06688.1	BBQ91616.1	89.767	99	559	559	557	1050	0.0
ACI06688.1	SQJ12668.1	87.612	99	559	559	557	1029	0.0
ACI06688.1	VDZ59395.1	87.433	99	559	559	557	1024	0.0
ACI06688.1	VEA69500.1	86.715	99	559	559	557	1017	0.0
ACI06688.1	VTP65858.1	86.715	99	559	559	557	1016	0.0
ACI06688.1	VEI66908.1	86.894	99	559	559	557	1016	0.0
ACI06688.1	CAE1148859.1	86.894	99	559	559	557	1016	0.0
ACI06688.1	ABX75762.2	82.226	99	559	559	557	962	0.0
ACI06688.1	QNT21370.1	82.047	99	559	559	557	961	0.0
ACI06688.1	AAK05603.1	81.867	99	559	559	557	959	0.0
ACI06688.1	CBL10126.1	78.664	96	559	540	539	896	0.0
ACI06688.1	CBL13352.1	78.479	96	559	540	539	895	0.0
ACI06688.1	QBZ05673.1	74.373	99	559	562	558	866	0.0
ACI06688.1	ALI32240.1	74.373	99	559	562	558	865	0.0
ACI06688.1	QCZ47082.1	74.907	96	559	540	538	856	0.0
ACI06688.1	QCZ54377.1	74.721	96	559	540	538	853	0.0
ACI06688.1	SFZ86993.1	74.254	96	559	539	536	838	0.0
ACI06688.1	AOT56963.1	72.222	99	559	562	558	838	0.0
ACI06688.1	ACA81905.1	70.968	99	559	562	558	821	0.0
ACI06688.1	AEK29976.1	69.202	96	559	541	539	786	0.0
ACI06688.1	ACL29336.1	69.202	96	559	541	539	786	0.0
ACI06688.1	QHB62214.1	69.388	96	559	543	539	784	0.0
ACI06688.1	ASW23510.1	69.017	96	559	541	539	784	0.0
ACI06688.1	ALE36853.1	68.156	96	559	539	537	769	0.0
ACI06688.1	ADB09236.1	68.148	96	559	543	540	768	0.0
ACI06688.1	CBK69950.1	67.970	96	559	539	537	765	0.0
ACI06688.1	VEI47713.1	72.771	74	559	460	415	631	0.0
QHB62214.1	QHB62214.1	100.000	100	543	543	543	1129	0.0
QHB62214.1	ADB09236.1	89.094	99	543	543	541	1014	0.0
QHB62214.1	ALE36853.1	80.334	99	543	539	539	917	0.0
QHB62214.1	CBK69950.1	79.777	99	543	539	539	913	0.0
QHB62214.1	ASW23510.1	78.928	99	543	541	541	898	0.0
QHB62214.1	AEK29976.1	78.928	99	543	541	541	897	0.0
QHB62214.1	ACL29336.1	78.928	99	543	541	541	897	0.0
QHB62214.1	QCZ47082.1	72.089	99	543	540	541	823	0.0
QHB62214.1	QCZ54377.1	72.089	99	543	540	541	822	0.0
QHB62214.1	CBL10126.1	73.284	99	543	540	539	821	0.0
QHB62214.1	CBL13352.1	73.284	99	543	540	539	821	0.0
QHB62214.1	ABX75762.2	72.356	99	543	559	539	816	0.0
QHB62214.1	AAK05603.1	71.614	99	543	559	539	813	0.0
QHB62214.1	QNT21370.1	71.614	99	543	559	539	813	0.0
QHB62214.1	ALI32240.1	71.481	100	543	562	547	807	0.0
QHB62214.1	QBZ05673.1	71.298	100	543	562	547	807	0.0
QHB62214.1	QDI10504.1	71.243	99	543	559	539	805	0.0
QHB62214.1	SQJ12668.1	70.686	99	543	559	539	800	0.0
QHB62214.1	BBQ91616.1	70.686	99	543	559	539	797	0.0
QHB62214.1	SQI91192.1	70.741	99	543	559	540	795	0.0
QHB62214.1	VDZ59395.1	70.185	99	543	559	540	792	0.0
QHB62214.1	QOV58171.1	69.388	99	543	559	539	785	0.0
QHB62214.1	ACI06688.1	69.388	99	543	559	539	784	0.0
QHB62214.1	QIF87838.1	69.202	99	543	559	539	783	0.0
QHB62214.1	VEC60993.1	69.202	99	543	559	539	783	0.0
QHB62214.1	SFZ86993.1	68.460	99	543	539	539	782	0.0
QHB62214.1	VTP65858.1	68.704	99	543	559	540	781	0.0
QHB62214.1	VEI66908.1	68.889	99	543	559	540	781	0.0
QHB62214.1	CAE1148859.1	68.889	99	543	559	540	781	0.0
QHB62214.1	VEA69500.1	68.148	99	543	559	540	775	0.0
QHB62214.1	ACA81905.1	66.789	99	543	562	545	763	0.0
QHB62214.1	AOT56963.1	67.523	99	543	562	545	763	0.0
QHB62214.1	VEI47713.1	67.076	74	543	460	407	558	0.0
